IID	PRS
HG00096	-16.998500000000003
HG00097	-16.9645
HG00099	-22.414
HG00100	-22.057000000000006
HG00101	-19.4984
HG00102	-21.0954
HG00103	-20.213100000000008
HG00105	-22.976999999999993
HG00106	-20.63110000000001
HG00107	-20.391399999999997
HG00108	-24.4866
HG00109	-22.2842
HG00110	-22.839899999999993
HG00111	-19.9906
HG00112	-21.521100000000004
HG00113	-24.112400000000004
HG00114	-20.924
HG00115	-20.5497
HG00116	-22.3356
HG00117	-22.549800000000005
HG00118	-21.790299999999995
HG00119	-22.4077
HG00120	-20.0112
HG00121	-21.5491
HG00122	-20.2405
HG00123	-23.765599999999992
HG00125	-23.084800000000005
HG00126	-21.539700000000003
HG00127	-22.55299999999999
HG00128	-20.8616
HG00129	-21.2663
HG00130	-21.94
HG00131	-20.831799999999998
HG00132	-19.4187
HG00133	-25.9093
HG00136	-24.245599999999992
HG00137	-16.481100000000005
HG00138	-21.2047
HG00139	-20.717599999999994
HG00140	-22.7468
HG00141	-23.033299999999997
HG00142	-20.02540000000001
HG00143	-19.867000000000004
HG00145	-24.725300000000004
HG00146	-20.493000000000006
HG00148	-17.706200000000003
HG00149	-22.3373
HG00150	-26.703699999999998
HG00151	-21.3478
HG00154	-23.578899999999994
HG00155	-23.836700000000004
HG00157	-20.9339
HG00158	-23.1043
HG00159	-21.298199999999994
HG00160	-22.4631
HG00171	-21.388800000000003
HG00173	-21.351300000000002
HG00174	-22.7492
HG00176	-26.511900000000004
HG00177	-21.740500000000008
HG00178	-18.861699999999995
HG00179	-21.096199999999996
HG00180	-21.803500000000007
HG00181	-16.0893
HG00182	-21.8796
HG00183	-22.408599999999996
HG00185	-21.851599999999994
HG00186	-24.242799999999995
HG00187	-19.078699999999998
HG00188	-20.305699999999998
HG00189	-23.462799999999994
HG00190	-27.1279
HG00231	-23.543400000000005
HG00232	-23.198200000000003
HG00233	-24.4672
HG00234	-19.0827
HG00235	-21.147100000000005
HG00236	-24.1231
HG00237	-19.9972
HG00238	-23.2149
HG00239	-25.818100000000005
HG00240	-26.807399999999994
HG00242	-23.6929
HG00243	-21.431600000000003
HG00244	-24.812400000000004
HG00245	-26.008699999999997
HG00246	-21.825000000000006
HG00250	-24.274499999999996
HG00251	-23.554500000000004
HG00252	-24.69039999999999
HG00253	-21.851700000000005
HG00254	-25.384700000000006
HG00255	-22.957699999999996
HG00256	-24.406299999999998
HG00257	-21.5572
HG00258	-25.219099999999994
HG00259	-21.198300000000003
HG00260	-24.201800000000002
HG00261	-17.622999999999998
HG00262	-25.439800000000012
HG00263	-22.937700000000003
HG00264	-24.903899999999993
HG00265	-21.4324
HG00266	-19.927999999999994
HG00267	-19.274
HG00268	-24.218099999999996
HG00269	-20.831199999999995
HG00271	-21.5409
HG00272	-20.3578
HG00273	-21.239500000000007
HG00274	-20.407400000000003
HG00275	-21.6609
HG00276	-21.2662
HG00277	-24.4992
HG00278	-17.405299999999997
HG00280	-20.9293
HG00281	-23.814199999999992
HG00282	-22.6318
HG00284	-23.0098
HG00285	-22.469299999999997
HG00288	-19.66390000000001
HG00290	-18.014799999999994
HG00304	-23.323000000000004
HG00306	-18.103599999999993
HG00308	-19.891700000000004
HG00309	-20.534499999999994
HG00310	-24.480300000000007
HG00311	-21.363399999999995
HG00313	-21.183999999999997
HG00315	-23.891900000000007
HG00318	-24.865099999999998
HG00319	-22.176
HG00320	-24.698599999999995
HG00321	-22.453400000000006
HG00323	-23.0078
HG00324	-25.676600000000004
HG00325	-20.46
HG00326	-24.6844
HG00327	-21.341800000000003
HG00328	-24.328999999999997
HG00329	-21.9639
HG00330	-22.1025
HG00331	-22.0024
HG00332	-18.960899999999995
HG00334	-24.4268
HG00335	-20.295700000000004
HG00336	-20.162999999999997
HG00337	-21.281100000000002
HG00338	-20.311400000000006
HG00339	-19.4731
HG00341	-22.312300000000004
HG00342	-24.311700000000002
HG00343	-20.9392
HG00344	-23.5333
HG00345	-22.753200000000007
HG00346	-22.236499999999996
HG00349	-20.920799999999993
HG00350	-22.6444
HG00351	-22.435
HG00353	-23.805699999999987
HG00355	-22.614200000000004
HG00356	-20.3855
HG00357	-24.229900000000004
HG00358	-22.9688
HG00360	-21.523799999999998
HG00361	-22.260099999999994
HG00362	-23.079799999999995
HG00364	-21.327099999999998
HG00365	-26.727000000000004
HG00366	-22.364200000000004
HG00367	-24.106799999999996
HG00368	-19.0674
HG00369	-22.2821
HG00371	-18.271299999999997
HG00372	-18.9546
HG00373	-23.714299999999998
HG00375	-22.100800000000003
HG00376	-20.286499999999997
HG00378	-20.9593
HG00379	-20.973899999999993
HG00380	-19.053600000000003
HG00381	-20.781399999999998
HG00382	-22.9088
HG00383	-21.2806
HG00384	-26.124200000000002
HG00403	-23.692400000000003
HG00404	-22.86370000000001
HG00406	-22.1274
HG00407	-22.154
HG00409	-22.207000000000004
HG00410	-22.152099999999994
HG00419	-23.550800000000002
HG00421	-23.076700000000002
HG00422	-22.0475
HG00428	-22.0368
HG00436	-19.9197
HG00437	-22.4386
HG00442	-22.169099999999997
HG00443	-23.135900000000003
HG00445	-20.037
HG00446	-21.62710000000001
HG00448	-19.1711
HG00449	-22.490299999999998
HG00451	-22.184899999999995
HG00452	-21.5997
HG00457	-19.925
HG00458	-21.229100000000003
HG00463	-23.15
HG00464	-23.070500000000003
HG00472	-23.5013
HG00473	-22.7463
HG00475	-21.74339999999999
HG00476	-22.3391
HG00478	-21.944100000000002
HG00479	-22.5951
HG00500	-23.726800000000004
HG00513	-23.527400000000004
HG00524	-22.398799999999998
HG00525	-21.3719
HG00530	-22.663
HG00531	-19.341100000000004
HG00533	-21.222
HG00534	-20.955099999999998
HG00536	-21.4373
HG00537	-24.053899999999995
HG00542	-20.247200000000003
HG00543	-19.8464
HG00551	-20.965699999999995
HG00553	-24.764799999999997
HG00554	-20.401499999999995
HG00556	-23.265300000000003
HG00557	-20.253
HG00559	-20.612699999999997
HG00560	-21.639700000000005
HG00565	-20.438699999999997
HG00566	-19.6308
HG00580	-19.282199999999996
HG00581	-22.826200000000004
HG00583	-20.2387
HG00584	-20.798800000000007
HG00589	-20.1678
HG00590	-20.634900000000002
HG00592	-19.7768
HG00593	-22.663700000000002
HG00595	-22.1128
HG00596	-19.7593
HG00598	-21.388399999999997
HG00599	-22.885599999999993
HG00607	-22.478500000000004
HG00608	-23.560000000000002
HG00610	-23.263200000000005
HG00611	-23.7709
HG00613	-22.034000000000002
HG00614	-21.052400000000002
HG00619	-24.7734
HG00620	-19.568500000000004
HG00622	-22.403400000000005
HG00623	-19.863500000000002
HG00625	-23.4404
HG00626	-20.754900000000003
HG00628	-23.8658
HG00629	-23.356399999999997
HG00631	-22.697599999999994
HG00632	-21.928599999999992
HG00634	-20.7734
HG00637	-23.218600000000006
HG00638	-21.781199999999995
HG00640	-23.7569
HG00641	-22.422000000000004
HG00650	-20.270499999999995
HG00651	-21.939700000000002
HG00653	-20.7773
HG00654	-23.8224
HG00656	-23.58470000000001
HG00657	-22.463200000000004
HG00662	-22.976300000000002
HG00663	-23.8834
HG00671	-22.8861
HG00672	-21.6445
HG00674	-22.6218
HG00675	-22.6325
HG00683	-23.388400000000008
HG00684	-23.5706
HG00689	-20.788200000000003
HG00690	-23.35029999999999
HG00692	-22.137500000000003
HG00693	-20.588199999999993
HG00698	-21.292100000000012
HG00699	-21.572400000000002
HG00701	-21.689099999999996
HG00704	-21.626499999999997
HG00705	-20.770099999999992
HG00707	-19.9971
HG00708	-23.229800000000008
HG00717	-22.890000000000004
HG00728	-21.597499999999997
HG00729	-22.8351
HG00731	-19.474000000000004
HG00732	-27.246799999999997
HG00734	-21.141099999999998
HG00736	-18.222899999999996
HG00737	-21.185000000000002
HG00739	-25.538600000000002
HG00740	-26.195400000000006
HG00742	-20.250199999999996
HG00743	-23.74150000000001
HG00759	-18.669999999999995
HG00766	-22.6935
HG00844	-21.7865
HG00851	-22.190200000000004
HG00864	-24.023199999999996
HG00867	-23.071699999999996
HG00879	-22.8612
HG00881	-20.66209999999999
HG00956	-21.4423
HG00978	-23.4737
HG00982	-20.9762
HG01028	-22.029599999999995
HG01029	-21.237500000000004
HG01031	-23.810600000000004
HG01046	-21.9939
HG01047	-20.707700000000006
HG01048	-23.462100000000003
HG01049	-20.269899999999996
HG01051	-22.1728
HG01052	-23.6462
HG01054	-23.377400000000005
HG01055	-21.324299999999997
HG01058	-24.621299999999998
HG01060	-21.966699999999996
HG01061	-20.7312
HG01063	-21.382499999999997
HG01064	-21.241
HG01066	-18.395699999999994
HG01067	-22.221500000000006
HG01069	-20.304600000000004
HG01070	-18.787099999999995
HG01072	-21.9383
HG01073	-19.716300000000004
HG01075	-23.090200000000003
HG01077	-22.942099999999996
HG01079	-20.4716
HG01080	-21.9779
HG01082	-23.3662
HG01083	-23.8115
HG01085	-18.7445
HG01086	-21.5855
HG01088	-20.8955
HG01089	-23.9682
HG01092	-23.452800000000003
HG01094	-23.421599999999998
HG01095	-18.59820000000001
HG01097	-20.259600000000002
HG01098	-19.436100000000003
HG01101	-19.990399999999994
HG01102	-23.867600000000003
HG01104	-18.7991
HG01105	-19.492999999999995
HG01107	-23.7086
HG01108	-23.849100000000004
HG01110	-21.924699999999998
HG01111	-23.7125
HG01112	-22.6103
HG01113	-21.508699999999994
HG01119	-22.736399999999996
HG01121	-24.714999999999996
HG01122	-19.1912
HG01124	-21.727700000000006
HG01125	-22.878799999999995
HG01130	-21.4424
HG01131	-20.628100000000003
HG01133	-21.873200000000004
HG01134	-19.656599999999994
HG01136	-22.3429
HG01137	-24.0402
HG01139	-21.438300000000005
HG01140	-23.2637
HG01142	-20.379399999999997
HG01148	-23.083199999999998
HG01149	-22.903999999999996
HG01161	-18.5299
HG01162	-20.0067
HG01164	-23.7634
HG01167	-21.79040000000001
HG01168	-20.180500000000002
HG01170	-22.799499999999995
HG01171	-19.4292
HG01173	-19.3382
HG01174	-21.936400000000006
HG01176	-21.8734
HG01177	-23.7038
HG01182	-21.8724
HG01183	-19.67590000000001
HG01187	-19.240399999999998
HG01188	-20.570800000000002
HG01190	-24.330700000000004
HG01191	-19.526099999999992
HG01197	-25.141400000000004
HG01198	-24.501699999999996
HG01200	-24.754399999999993
HG01204	-25.885599999999997
HG01205	-23.4275
HG01241	-19.5765
HG01242	-22.854400000000002
HG01247	-20.991199999999996
HG01248	-20.235200000000003
HG01250	-23.7882
HG01251	-23.266099999999998
HG01253	-21.846500000000002
HG01254	-22.3856
HG01256	-25.0886
HG01257	-20.466500000000003
HG01259	-20.988800000000005
HG01260	-23.6155
HG01269	-23.00899999999999
HG01271	-23.398700000000005
HG01272	-20.517799999999994
HG01275	-23.6211
HG01277	-19.2665
HG01280	-23.8026
HG01281	-19.8675
HG01284	-21.555500000000002
HG01286	-23.309999999999995
HG01302	-22.4627
HG01303	-21.0977
HG01305	-17.5769
HG01308	-22.9537
HG01311	-23.195800000000006
HG01312	-19.090000000000003
HG01323	-18.718199999999996
HG01325	-24.191300000000002
HG01326	-22.7063
HG01334	-23.318699999999996
HG01341	-22.935299999999998
HG01342	-23.7766
HG01344	-24.4355
HG01345	-21.8274
HG01348	-17.944000000000006
HG01350	-25.108399999999996
HG01351	-22.497000000000003
HG01353	-20.984
HG01354	-21.4069
HG01356	-21.622999999999998
HG01357	-23.0608
HG01359	-20.223200000000002
HG01360	-25.9825
HG01362	-20.178500000000007
HG01363	-23.256700000000002
HG01365	-22.614300000000004
HG01366	-19.933300000000006
HG01369	-21.976299999999995
HG01372	-21.81779999999999
HG01374	-24.008399999999995
HG01375	-17.627999999999997
HG01377	-23.324400000000004
HG01378	-24.9697
HG01383	-24.301100000000005
HG01384	-26.797099999999997
HG01389	-21.8798
HG01390	-24.3448
HG01392	-24.917399999999997
HG01393	-24.318499999999997
HG01395	-23.147100000000005
HG01396	-20.200999999999997
HG01398	-22.366500000000002
HG01402	-20.9
HG01403	-22.112900000000007
HG01405	-19.935699999999997
HG01412	-20.927200000000006
HG01413	-23.38570000000001
HG01414	-21.9201
HG01431	-23.837
HG01432	-20.663999999999994
HG01435	-19.7128
HG01437	-18.967700000000004
HG01438	-17.512900000000002
HG01440	-21.9853
HG01441	-19.551199999999994
HG01443	-20.8957
HG01444	-21.279600000000006
HG01447	-21.8361
HG01455	-20.406400000000005
HG01456	-22.812999999999995
HG01459	-23.7193
HG01461	-18.6799
HG01462	-19.499499999999998
HG01464	-21.368099999999995
HG01465	-20.499700000000004
HG01468	-21.427999999999994
HG01474	-21.734899999999996
HG01479	-21.7828
HG01485	-23.7471
HG01486	-19.254800000000003
HG01488	-22.911400000000004
HG01489	-22.678499999999993
HG01491	-24.302699999999998
HG01492	-24.734399999999997
HG01494	-21.5646
HG01495	-27.9456
HG01497	-22.8408
HG01498	-25.419400000000003
HG01500	-21.797300000000003
HG01501	-20.326400000000003
HG01503	-23.422
HG01504	-22.9907
HG01506	-20.240799999999997
HG01507	-22.875500000000002
HG01509	-19.878
HG01510	-22.817999999999998
HG01512	-22.935100000000002
HG01513	-20.5838
HG01515	-21.689999999999994
HG01516	-20.8782
HG01518	-21.671899999999994
HG01519	-23.804000000000002
HG01521	-24.284599999999998
HG01522	-19.309500000000003
HG01524	-21.535300000000003
HG01525	-22.083900000000003
HG01527	-21.461500000000008
HG01528	-19.499200000000002
HG01530	-21.5772
HG01531	-23.9849
HG01536	-21.160499999999995
HG01537	-23.3472
HG01550	-24.95179999999999
HG01551	-22.490299999999998
HG01556	-22.865499999999997
HG01565	-24.760600000000004
HG01566	-22.354299999999995
HG01571	-23.700399999999995
HG01572	-23.232200000000002
HG01577	-19.5235
HG01578	-21.8544
HG01583	-20.043699999999998
HG01586	-20.0612
HG01589	-22.115299999999998
HG01593	-21.8411
HG01595	-19.519099999999998
HG01596	-24.30629999999999
HG01597	-23.110699999999998
HG01598	-20.358199999999997
HG01599	-21.931900000000002
HG01600	-23.145599999999995
HG01602	-21.281399999999998
HG01603	-20.843600000000002
HG01605	-22.189200000000003
HG01606	-20.236399999999996
HG01607	-22.148199999999996
HG01608	-21.2205
HG01610	-23.194099999999995
HG01612	-23.047599999999992
HG01613	-19.830800000000004
HG01615	-18.5831
HG01617	-20.047100000000004
HG01618	-22.907700000000002
HG01619	-23.630900000000008
HG01620	-21.6349
HG01623	-20.158700000000003
HG01624	-19.479999999999997
HG01625	-19.7995
HG01626	-24.297199999999993
HG01628	-21.585800000000003
HG01630	-19.200699999999998
HG01631	-24.588499999999996
HG01632	-22.987000000000002
HG01668	-22.912100000000002
HG01669	-21.437800000000003
HG01670	-21.305999999999997
HG01672	-24.613199999999992
HG01673	-20.438500000000005
HG01675	-23.748099999999997
HG01676	-21.8417
HG01678	-20.423199999999998
HG01679	-24.104899999999997
HG01680	-21.1644
HG01682	-21.795900000000003
HG01684	-23.946000000000005
HG01685	-22.3197
HG01686	-20.1312
HG01694	-22.393799999999995
HG01695	-22.914099999999998
HG01697	-20.168699999999994
HG01699	-26.0748
HG01700	-21.7057
HG01702	-21.252100000000002
HG01704	-21.1221
HG01705	-20.729700000000005
HG01707	-22.806599999999992
HG01708	-20.102500000000003
HG01709	-22.484100000000005
HG01710	-20.4777
HG01746	-22.394000000000002
HG01747	-25.899
HG01756	-20.111300000000004
HG01757	-22.148600000000002
HG01761	-23.327900000000003
HG01762	-22.564100000000003
HG01765	-23.881099999999996
HG01766	-20.6618
HG01767	-22.4419
HG01768	-18.193699999999996
HG01770	-19.618699999999997
HG01771	-20.020799999999998
HG01773	-21.9391
HG01775	-18.912900000000004
HG01776	-21.326399999999996
HG01777	-22.131599999999995
HG01779	-20.487700000000004
HG01781	-18.793500000000005
HG01783	-21.747300000000006
HG01784	-21.124600000000008
HG01785	-20.0212
HG01786	-18.802799999999998
HG01789	-23.940199999999997
HG01790	-22.813099999999995
HG01791	-22.008899999999997
HG01794	-21.037300000000002
HG01795	-23.3929
HG01796	-21.264000000000003
HG01797	-21.1005
HG01798	-20.3646
HG01799	-20.306799999999996
HG01800	-22.703200000000002
HG01801	-21.409900000000007
HG01802	-21.610899999999994
HG01804	-20.1179
HG01805	-22.927900000000005
HG01806	-23.118399999999994
HG01807	-24.4173
HG01808	-21.3546
HG01809	-23.614500000000003
HG01810	-22.807299999999994
HG01811	-22.166299999999996
HG01812	-24.1308
HG01813	-21.15340000000001
HG01815	-25.5546
HG01816	-24.060299999999998
HG01817	-21.071699999999996
HG01840	-22.0388
HG01841	-20.4175
HG01842	-21.168800000000008
HG01843	-21.2706
HG01844	-24.644900000000007
HG01845	-22.397
HG01846	-21.6407
HG01847	-20.368699999999997
HG01848	-20.264499999999998
HG01849	-20.743499999999997
HG01850	-20.357699999999998
HG01851	-19.119500000000002
HG01852	-21.138000000000005
HG01853	-24.792699999999993
HG01855	-24.041499999999996
HG01857	-19.1422
HG01858	-22.050699999999996
HG01859	-24.733000000000004
HG01860	-22.216
HG01861	-23.203400000000006
HG01862	-22.4527
HG01863	-23.628800000000002
HG01864	-22.453500000000005
HG01865	-22.757200000000005
HG01866	-19.95490000000001
HG01867	-22.8994
HG01868	-21.307100000000002
HG01869	-22.554399999999994
HG01870	-19.8619
HG01871	-20.180600000000005
HG01872	-20.7218
HG01873	-19.6748
HG01874	-22.353000000000005
HG01878	-20.7543
HG01879	-21.291599999999995
HG01880	-21.928499999999996
HG01882	-22.6311
HG01883	-22.299400000000002
HG01885	-21.04669999999999
HG01886	-20.883
HG01889	-24.047300000000003
HG01890	-22.1067
HG01892	-22.119400000000002
HG01893	-21.574199999999998
HG01894	-21.167599999999997
HG01896	-23.467299999999998
HG01912	-21.5665
HG01914	-21.518200000000004
HG01915	-20.1177
HG01917	-23.2075
HG01918	-22.875299999999996
HG01920	-25.054900000000007
HG01921	-21.23399999999999
HG01923	-22.156299999999998
HG01924	-23.709199999999996
HG01926	-23.991300000000006
HG01927	-27.120900000000006
HG01932	-20.1476
HG01933	-21.845299999999998
HG01935	-21.9094
HG01936	-22.41710000000001
HG01938	-25.111300000000004
HG01939	-24.773500000000002
HG01941	-24.420899999999996
HG01942	-24.0393
HG01944	-24.551
HG01945	-25.018500000000003
HG01947	-21.767899999999997
HG01948	-22.2956
HG01950	-26.548199999999998
HG01951	-22.435199999999995
HG01953	-25.869999999999997
HG01954	-21.9797
HG01956	-22.6251
HG01958	-22.4719
HG01961	-22.197999999999997
HG01965	-25.171400000000002
HG01967	-25.298
HG01968	-22.850199999999997
HG01970	-24.741099999999996
HG01971	-21.915299999999995
HG01973	-24.2697
HG01974	-23.923799999999996
HG01976	-25.7484
HG01977	-21.9316
HG01979	-25.319400000000005
HG01980	-27.473100000000002
HG01982	-21.475699999999996
HG01985	-22.215500000000002
HG01986	-22.13340000000001
HG01988	-21.852200000000003
HG01989	-24.886799999999997
HG01990	-21.2131
HG01991	-25.6705
HG01992	-20.636700000000005
HG01997	-25.131899999999998
HG02002	-23.937799999999996
HG02003	-21.367299999999997
HG02006	-21.726699999999997
HG02008	-22.6636
HG02009	-22.230499999999996
HG02010	-17.459900000000005
HG02012	-22.61819999999999
HG02013	-22.250200000000003
HG02014	-24.0482
HG02016	-23.1352
HG02017	-20.2165
HG02019	-20.098200000000002
HG02020	-21.598100000000002
HG02023	-23.1195
HG02025	-20.432600000000004
HG02026	-22.869
HG02028	-20.002000000000002
HG02029	-24.1635
HG02031	-19.543000000000003
HG02032	-22.1182
HG02035	-19.559000000000005
HG02040	-21.571700000000003
HG02047	-24.400299999999994
HG02048	-21.1146
HG02049	-23.339100000000002
HG02050	-22.047100000000004
HG02051	-23.0167
HG02052	-24.1081
HG02053	-24.985300000000002
HG02054	-22.3205
HG02057	-21.7531
HG02058	-20.435599999999994
HG02060	-22.842100000000002
HG02061	-25.333599999999997
HG02064	-20.4644
HG02067	-22.9584
HG02069	-20.61659999999999
HG02070	-21.698100000000004
HG02072	-20.584300000000002
HG02073	-21.916700000000002
HG02075	-22.4448
HG02076	-20.806800000000003
HG02078	-21.355800000000006
HG02079	-22.1061
HG02081	-21.385599999999997
HG02082	-21.8185
HG02084	-19.4737
HG02085	-21.024499999999996
HG02086	-21.530900000000003
HG02087	-26.048600000000004
HG02088	-21.7396
HG02089	-21.4302
HG02090	-25.6393
HG02095	-22.612499999999994
HG02102	-23.345799999999997
HG02104	-26.032699999999995
HG02105	-26.199900000000007
HG02107	-25.009099999999997
HG02108	-21.269299999999998
HG02111	-20.5101
HG02113	-20.153599999999997
HG02116	-23.1581
HG02121	-22.93679999999999
HG02122	-21.627700000000004
HG02127	-20.3822
HG02128	-21.260499999999993
HG02130	-21.347899999999992
HG02131	-23.540500000000005
HG02133	-19.386199999999995
HG02134	-22.535000000000007
HG02136	-20.740900000000007
HG02137	-21.6937
HG02138	-24.416200000000007
HG02139	-21.486899999999995
HG02140	-23.552599999999998
HG02141	-21.797899999999995
HG02142	-21.507300000000008
HG02143	-22.372899999999994
HG02144	-20.989599999999996
HG02146	-23.450199999999995
HG02147	-26.265899999999995
HG02150	-22.209399999999995
HG02151	-23.3911
HG02152	-21.8324
HG02153	-22.5688
HG02154	-21.998500000000003
HG02155	-21.4884
HG02156	-22.536300000000004
HG02164	-22.714199999999998
HG02165	-22.978800000000003
HG02166	-19.419600000000003
HG02178	-22.147399999999998
HG02179	-20.942899999999998
HG02180	-22.162100000000002
HG02181	-24.536200000000004
HG02182	-21.061499999999995
HG02184	-23.3895
HG02185	-21.767199999999995
HG02186	-21.521199999999993
HG02187	-23.178800000000003
HG02188	-21.173899999999996
HG02190	-20.0091
HG02215	-23.411399999999997
HG02219	-20.370400000000004
HG02220	-24.047800000000002
HG02221	-21.8689
HG02223	-22.128099999999993
HG02224	-19.65629999999999
HG02230	-19.6712
HG02231	-22.469000000000005
HG02232	-22.662300000000002
HG02233	-17.932199999999998
HG02235	-23.975999999999996
HG02236	-21.75399999999999
HG02238	-21.277900000000006
HG02239	-22.8522
HG02250	-21.581999999999994
HG02252	-20.668800000000008
HG02253	-20.697699999999994
HG02255	-23.0356
HG02256	-21.429500000000004
HG02259	-23.079800000000002
HG02260	-25.025100000000005
HG02262	-20.636199999999995
HG02265	-22.5817
HG02266	-23.548499999999997
HG02271	-23.449199999999998
HG02272	-26.316900000000004
HG02274	-24.4043
HG02275	-25.275400000000005
HG02277	-19.0774
HG02278	-24.9754
HG02281	-20.5188
HG02282	-21.249
HG02283	-22.062099999999997
HG02284	-20.9889
HG02285	-23.7162
HG02286	-22.171399999999995
HG02291	-23.9627
HG02292	-26.6275
HG02298	-25.3404
HG02299	-22.0006
HG02301	-25.232099999999996
HG02304	-23.423199999999998
HG02307	-22.360100000000003
HG02308	-26.071899999999996
HG02309	-23.861900000000002
HG02312	-23.203999999999994
HG02314	-21.747699999999995
HG02315	-20.300000000000004
HG02317	-19.6864
HG02318	-21.3407
HG02322	-23.543000000000003
HG02323	-20.438299999999998
HG02325	-21.714100000000002
HG02330	-21.999399999999994
HG02332	-21.088100000000004
HG02334	-20.9465
HG02337	-22.974999999999998
HG02339	-25.906900000000004
HG02343	-20.876600000000003
HG02345	-24.0262
HG02348	-22.047700000000003
HG02351	-22.594
HG02353	-20.5949
HG02355	-21.717999999999996
HG02356	-20.323599999999995
HG02360	-21.705200000000005
HG02364	-25.505500000000005
HG02367	-20.146399999999996
HG02371	-21.129600000000003
HG02373	-22.8602
HG02374	-21.853399999999993
HG02375	-21.615900000000003
HG02379	-20.540599999999998
HG02380	-19.540100000000002
HG02382	-20.926100000000005
HG02383	-22.562099999999997
HG02384	-21.007599999999993
HG02385	-21.0357
HG02386	-18.820500000000003
HG02389	-20.456400000000002
HG02390	-19.229499999999998
HG02391	-21.540300000000006
HG02392	-20.934
HG02394	-22.200099999999996
HG02395	-22.5325
HG02396	-20.512999999999998
HG02397	-24.817700000000002
HG02398	-20.657599999999995
HG02399	-19.2097
HG02401	-26.0426
HG02402	-22.765999999999995
HG02406	-23.3069
HG02407	-21.94300000000001
HG02408	-20.983200000000004
HG02409	-21.9966
HG02410	-23.6586
HG02419	-22.7585
HG02420	-23.02839999999999
HG02425	-22.772799999999997
HG02427	-19.6624
HG02429	-21.187200000000004
HG02433	-18.732800000000005
HG02439	-23.471600000000002
HG02442	-21.381800000000002
HG02445	-20.0425
HG02449	-20.629899999999996
HG02450	-22.646399999999993
HG02455	-20.245899999999995
HG02461	-21.811200000000003
HG02462	-19.3151
HG02464	-20.538399999999996
HG02465	-20.755
HG02470	-23.098700000000004
HG02471	-21.1702
HG02476	-20.208199999999998
HG02477	-20.046700000000005
HG02479	-20.799800000000005
HG02481	-23.8633
HG02484	-18.83320000000001
HG02485	-22.611500000000003
HG02489	-22.8637
HG02490	-23.275100000000002
HG02491	-19.500700000000002
HG02493	-20.8562
HG02494	-18.670599999999997
HG02496	-20.950499999999998
HG02497	-23.778000000000006
HG02501	-19.925099999999997
HG02502	-21.081099999999996
HG02505	-21.506600000000002
HG02508	-22.644199999999998
HG02511	-19.0985
HG02512	-23.341800000000006
HG02513	-20.5763
HG02521	-20.072300000000002
HG02522	-25.137600000000003
HG02536	-22.5439
HG02537	-23.589299999999998
HG02541	-20.5169
HG02545	-23.927400000000002
HG02546	-22.4633
HG02549	-23.223199999999995
HG02554	-21.749899999999997
HG02555	-23.7072
HG02557	-21.109500000000004
HG02558	-20.668699999999994
HG02561	-21.564799999999998
HG02562	-20.7219
HG02568	-19.75650000000001
HG02570	-23.049600000000005
HG02571	-19.870499999999996
HG02573	-22.168199999999995
HG02574	-19.544500000000006
HG02577	-22.90590000000001
HG02580	-22.6781
HG02582	-20.6559
HG02583	-20.840100000000003
HG02585	-19.9396
HG02586	-22.8264
HG02588	-21.432300000000005
HG02589	-20.149100000000004
HG02594	-21.844400000000007
HG02595	-22.677300000000002
HG02597	-23.038499999999992
HG02600	-23.0519
HG02601	-21.205499999999994
HG02603	-23.3761
HG02604	-19.9227
HG02610	-24.134499999999996
HG02611	-21.727199999999996
HG02613	-24.768900000000006
HG02614	-18.8103
HG02620	-24.223799999999997
HG02621	-21.322199999999995
HG02623	-20.278899999999993
HG02624	-22.566900000000008
HG02628	-21.073600000000003
HG02629	-22.539800000000003
HG02634	-22.201100000000004
HG02635	-23.4689
HG02642	-23.491
HG02643	-24.323300000000007
HG02645	-22.71710000000001
HG02646	-23.498299999999997
HG02648	-23.013199999999998
HG02649	-21.7358
HG02651	-24.067699999999995
HG02652	-21.445999999999998
HG02654	-20.271600000000003
HG02655	-23.501299999999997
HG02657	-22.469600000000007
HG02658	-25.282099999999996
HG02660	-22.3227
HG02661	-23.62290000000001
HG02666	-18.904999999999998
HG02667	-21.5831
HG02675	-22.1079
HG02676	-20.40030000000001
HG02678	-19.324399999999997
HG02679	-19.64700000000001
HG02681	-20.149500000000003
HG02682	-22.2487
HG02684	-23.432999999999996
HG02685	-21.204300000000003
HG02687	-22.792500000000004
HG02688	-20.508300000000002
HG02690	-21.781100000000006
HG02691	-20.9021
HG02694	-24.191799999999997
HG02696	-20.6736
HG02697	-19.383599999999998
HG02699	-21.109399999999997
HG02700	-21.945799999999995
HG02702	-20.895000000000007
HG02703	-20.8787
HG02715	-19.612199999999998
HG02716	-22.661900000000003
HG02721	-19.588499999999996
HG02722	-21.949899999999992
HG02724	-24.1554
HG02725	-18.967599999999997
HG02727	-22.135199999999998
HG02728	-21.6778
HG02731	-23.3457
HG02733	-22.2009
HG02734	-23.7129
HG02736	-22.262100000000004
HG02737	-22.949600000000004
HG02756	-24.174000000000007
HG02757	-20.206000000000003
HG02759	-21.3773
HG02760	-20.9458
HG02763	-19.941200000000002
HG02768	-19.9081
HG02769	-18.876500000000007
HG02771	-23.248199999999997
HG02772	-22.417000000000005
HG02774	-20.374599999999994
HG02775	-22.212700000000005
HG02778	-18.1887
HG02780	-20.119699999999998
HG02783	-20.767800000000005
HG02784	-23.6481
HG02786	-22.2704
HG02787	-21.323400000000003
HG02789	-21.850699999999996
HG02790	-18.806499999999996
HG02792	-22.106
HG02793	-22.243100000000002
HG02798	-20.7204
HG02799	-18.996899999999997
HG02804	-20.894599999999997
HG02805	-23.499599999999994
HG02807	-20.827099999999998
HG02808	-19.915300000000006
HG02810	-19.989800000000002
HG02811	-25.6759
HG02813	-20.5923
HG02814	-19.3504
HG02816	-23.521099999999997
HG02817	-21.996700000000004
HG02819	-22.708699999999997
HG02820	-25.0254
HG02836	-21.209400000000002
HG02837	-20.948400000000003
HG02839	-22.0563
HG02840	-21.985499999999995
HG02851	-21.084299999999995
HG02852	-24.687900000000003
HG02854	-21.746499999999994
HG02855	-17.928400000000003
HG02860	-19.325499999999998
HG02861	-22.8348
HG02870	-22.511
HG02878	-20.243199999999998
HG02879	-21.357400000000002
HG02881	-20.735300000000002
HG02882	-21.65010000000001
HG02884	-22.239300000000004
HG02885	-22.112999999999996
HG02887	-22.504599999999996
HG02888	-23.42920000000001
HG02890	-20.698600000000003
HG02891	-25.323999999999998
HG02895	-19.971299999999996
HG02896	-19.634399999999996
HG02922	-23.4329
HG02923	-20.201500000000003
HG02938	-22.7857
HG02941	-21.425599999999996
HG02943	-20.793600000000005
HG02944	-21.279199999999996
HG02946	-22.790899999999993
HG02947	-20.384799999999995
HG02952	-22.210700000000003
HG02953	-22.4729
HG02968	-22.221199999999996
HG02970	-21.2871
HG02971	-21.929100000000002
HG02973	-22.528399999999998
HG02974	-22.673899999999996
HG02976	-21.631
HG02977	-21.127299999999998
HG02979	-21.542500000000004
HG02981	-21.195
HG02982	-21.6342
HG02983	-20.3886
HG03006	-19.1372
HG03007	-22.393800000000006
HG03009	-20.203199999999995
HG03012	-21.53819999999999
HG03015	-21.365400000000008
HG03016	-23.186100000000003
HG03018	-19.669499999999996
HG03019	-20.268499999999996
HG03021	-21.38179999999999
HG03022	-24.632499999999993
HG03024	-20.8293
HG03025	-22.6983
HG03027	-21.794600000000006
HG03028	-20.7752
HG03039	-21.7296
HG03040	-23.2037
HG03045	-20.573999999999995
HG03046	-21.9394
HG03048	-21.099299999999996
HG03049	-21.5147
HG03052	-21.706899999999997
HG03054	-21.385900000000003
HG03055	-24.2425
HG03057	-21.15349999999999
HG03058	-21.857499999999998
HG03060	-21.584699999999998
HG03061	-21.222099999999998
HG03063	-20.592099999999995
HG03064	-22.517100000000003
HG03066	-22.565399999999997
HG03069	-21.534
HG03072	-20.51550000000001
HG03073	-21.67310000000001
HG03074	-21.0177
HG03077	-23.6885
HG03078	-22.488
HG03079	-22.380000000000003
HG03081	-20.5509
HG03082	-20.458899999999996
HG03084	-23.017699999999998
HG03085	-20.54490000000001
HG03086	-21.782200000000003
HG03088	-20.538200000000003
HG03091	-21.48839999999999
HG03095	-21.737
HG03096	-22.8337
HG03097	-20.555800000000005
HG03099	-21.716900000000003
HG03100	-19.7162
HG03103	-23.1828
HG03105	-22.0152
HG03108	-20.4993
HG03109	-18.940899999999996
HG03111	-20.6821
HG03112	-20.671299999999995
HG03114	-23.044999999999998
HG03115	-22.883000000000006
HG03117	-20.917
HG03118	-20.3444
HG03120	-20.263699999999996
HG03121	-21.4042
HG03123	-22.8428
HG03124	-20.4896
HG03126	-21.9547
HG03127	-21.2791
HG03129	-24.3032
HG03130	-20.7128
HG03132	-23.135699999999996
HG03133	-22.929100000000005
HG03135	-21.919900000000002
HG03136	-21.1898
HG03139	-22.864999999999995
HG03157	-20.3391
HG03159	-22.133999999999997
HG03160	-21.264400000000002
HG03162	-20.743500000000004
HG03163	-21.956500000000002
HG03166	-22.9938
HG03168	-20.0968
HG03169	-19.044799999999995
HG03172	-21.575900000000004
HG03175	-22.951900000000002
HG03189	-21.929699999999993
HG03190	-21.896100000000004
HG03193	-20.8145
HG03195	-21.119699999999998
HG03196	-21.739499999999996
HG03198	-22.059799999999992
HG03199	-22.521400000000007
HG03202	-24.083600000000008
HG03209	-22.435100000000002
HG03212	-22.813200000000002
HG03224	-23.55769999999999
HG03225	-22.393900000000002
HG03228	-22.6598
HG03229	-20.068600000000004
HG03234	-21.8038
HG03235	-17.4464
HG03237	-20.750799999999998
HG03238	-20.819600000000005
HG03240	-22.412700000000005
HG03241	-21.121599999999997
HG03246	-19.396299999999997
HG03247	-22.138099999999998
HG03258	-20.395200000000003
HG03259	-21.252800000000004
HG03265	-23.470699999999997
HG03267	-20.9011
HG03268	-23.011699999999998
HG03270	-22.458999999999996
HG03271	-21.964999999999996
HG03279	-23.8227
HG03280	-21.774900000000006
HG03291	-21.381900000000005
HG03294	-21.525900000000004
HG03295	-22.3656
HG03297	-20.028
HG03298	-19.483
HG03300	-20.7704
HG03301	-20.183500000000002
HG03303	-21.625
HG03304	-23.13369999999999
HG03311	-23.235600000000005
HG03313	-19.482300000000006
HG03342	-21.881500000000003
HG03343	-21.742
HG03351	-21.7237
HG03352	-21.4652
HG03354	-22.0983
HG03363	-23.848400000000005
HG03366	-22.145500000000002
HG03367	-20.8001
HG03369	-22.870700000000006
HG03370	-18.409100000000002
HG03372	-20.415
HG03376	-19.412600000000005
HG03378	-23.9066
HG03380	-21.759999999999998
HG03382	-20.010900000000003
HG03385	-22.8021
HG03388	-21.7593
HG03391	-23.1168
HG03394	-22.6587
HG03397	-22.994000000000003
HG03401	-25.712600000000002
HG03410	-21.0749
HG03419	-21.505699999999994
HG03428	-21.286899999999996
HG03432	-22.349999999999994
HG03433	-23.354299999999995
HG03436	-19.800399999999996
HG03437	-22.899600000000003
HG03439	-22.825800000000005
HG03442	-22.8305
HG03445	-20.449399999999994
HG03446	-21.590700000000002
HG03449	-23.518400000000007
HG03451	-23.532099999999996
HG03452	-25.1267
HG03455	-22.4033
HG03457	-22.8362
HG03458	-20.946
HG03460	-17.9734
HG03461	-21.230900000000002
HG03464	-23.2225
HG03469	-21.539399999999997
HG03470	-22.346299999999996
HG03472	-20.1764
HG03473	-21.366999999999997
HG03476	-20.830699999999993
HG03478	-21.1758
HG03479	-21.3318
HG03484	-21.525699999999997
HG03485	-23.566600000000005
HG03488	-20.508199999999995
HG03490	-23.619000000000003
HG03491	-21.4478
HG03499	-20.038299999999996
HG03511	-21.616399999999995
HG03514	-21.797099999999997
HG03515	-19.831699999999998
HG03517	-22.439999999999998
HG03518	-19.794000000000008
HG03520	-20.182399999999998
HG03521	-20.727300000000003
HG03538	-19.352999999999998
HG03539	-21.462600000000005
HG03547	-21.4488
HG03548	-23.3657
HG03556	-21.073999999999998
HG03557	-21.2387
HG03558	-19.130099999999995
HG03559	-21.9671
HG03563	-20.9981
HG03565	-22.601499999999998
HG03567	-19.2634
HG03571	-21.687499999999993
HG03572	-23.8526
HG03575	-23.970799999999993
HG03577	-22.733300000000003
HG03578	-22.6306
HG03583	-20.761899999999994
HG03585	-22.118000000000002
HG03589	-21.761000000000003
HG03593	-21.8281
HG03594	-23.140500000000003
HG03595	-21.6166
HG03598	-22.448700000000006
HG03600	-21.8374
HG03603	-23.5402
HG03604	-18.474499999999995
HG03607	-21.9191
HG03611	-21.101500000000005
HG03615	-22.0759
HG03616	-21.8076
HG03619	-18.182499999999997
HG03624	-20.452700000000007
HG03625	-18.766699999999997
HG03629	-22.3128
HG03631	-23.313700000000004
HG03634	-19.481899999999992
HG03636	-19.941100000000002
HG03640	-21.0826
HG03642	-22.847399999999993
HG03643	-22.123
HG03644	-21.2598
HG03645	-21.1448
HG03646	-21.7971
HG03649	-21.120100000000004
HG03652	-22.588900000000006
HG03653	-20.7163
HG03660	-20.519699999999997
HG03663	-21.142899999999997
HG03667	-22.437299999999993
HG03668	-21.6653
HG03672	-20.5398
HG03673	-19.2013
HG03679	-17.922099999999997
HG03680	-24.943499999999997
HG03681	-20.684699999999996
HG03684	-17.1793
HG03685	-22.911400000000004
HG03686	-19.619800000000005
HG03687	-19.891
HG03689	-23.1387
HG03690	-21.992600000000007
HG03691	-19.0904
HG03692	-24.0789
HG03693	-21.153500000000005
HG03694	-22.539400000000004
HG03695	-20.836399999999998
HG03696	-20.1294
HG03697	-19.759600000000006
HG03698	-21.567400000000003
HG03702	-21.778899999999993
HG03703	-18.686499999999995
HG03705	-18.942400000000003
HG03706	-21.634
HG03708	-22.4268
HG03709	-23.605
HG03711	-22.447299999999995
HG03713	-20.6503
HG03714	-18.334899999999998
HG03716	-22.493399999999998
HG03717	-24.557100000000002
HG03718	-21.205600000000008
HG03720	-21.910400000000003
HG03722	-21.065699999999996
HG03727	-20.1307
HG03729	-22.746999999999996
HG03730	-19.5496
HG03731	-19.633499999999998
HG03733	-21.519
HG03736	-21.320400000000003
HG03738	-21.751999999999995
HG03740	-21.860799999999998
HG03741	-23.142400000000002
HG03742	-21.886000000000003
HG03743	-21.229599999999998
HG03744	-22.232500000000005
HG03745	-19.3965
HG03746	-19.886
HG03750	-19.922899999999995
HG03752	-23.121499999999997
HG03753	-22.0367
HG03754	-19.8899
HG03755	-19.0113
HG03756	-18.3692
HG03757	-17.650900000000004
HG03760	-20.550999999999995
HG03762	-20.102100000000004
HG03765	-19.968500000000006
HG03767	-18.695899999999995
HG03770	-21.557699999999993
HG03771	-21.093500000000002
HG03772	-17.867900000000002
HG03773	-17.9165
HG03774	-20.7961
HG03775	-19.4917
HG03777	-21.666000000000004
HG03778	-22.01960000000001
HG03779	-20.691899999999997
HG03780	-22.437800000000003
HG03781	-23.531300000000005
HG03782	-21.949800000000003
HG03784	-22.473200000000002
HG03785	-21.475499999999997
HG03786	-22.554700000000004
HG03787	-21.633399999999998
HG03788	-22.7445
HG03789	-20.90379999999999
HG03790	-21.3765
HG03792	-20.4505
HG03793	-22.299899999999997
HG03796	-24.707900000000006
HG03800	-19.190900000000006
HG03802	-19.631200000000007
HG03803	-19.8157
HG03805	-21.675500000000007
HG03808	-19.1972
HG03809	-22.509
HG03812	-19.950599999999998
HG03814	-24.213
HG03815	-21.719200000000008
HG03817	-20.435600000000004
HG03821	-20.205399999999994
HG03823	-21.18050000000001
HG03824	-23.392300000000002
HG03826	-26.5407
HG03829	-21.4946
HG03830	-23.235999999999994
HG03832	-24.567700000000002
HG03833	-19.873099999999994
HG03836	-19.466000000000005
HG03837	-16.9058
HG03838	-23.3777
HG03844	-21.622600000000002
HG03846	-19.530299999999997
HG03848	-17.9864
HG03849	-18.5688
HG03850	-19.392900000000004
HG03851	-19.250700000000002
HG03854	-20.548099999999998
HG03856	-23.0916
HG03857	-19.3641
HG03858	-21.6719
HG03861	-22.5737
HG03862	-21.786499999999997
HG03863	-22.746499999999994
HG03864	-19.347400000000004
HG03866	-18.8374
HG03867	-21.676700000000004
HG03868	-22.861199999999997
HG03869	-18.387599999999996
HG03870	-20.396500000000003
HG03871	-19.94140000000001
HG03872	-19.8285
HG03873	-21.905099999999997
HG03874	-20.092599999999997
HG03875	-21.3489
HG03882	-22.730500000000003
HG03884	-20.596200000000003
HG03885	-20.97179999999999
HG03886	-19.825000000000003
HG03887	-19.231799999999993
HG03888	-20.627299999999995
HG03890	-19.506800000000005
HG03894	-19.982800000000005
HG03895	-19.348699999999994
HG03896	-18.4986
HG03897	-19.9088
HG03898	-19.908299999999997
HG03899	-20.577700000000007
HG03900	-20.8373
HG03902	-20.949699999999993
HG03905	-20.7922
HG03907	-21.231899999999996
HG03908	-20.543899999999997
HG03910	-20.7561
HG03911	-22.303800000000003
HG03913	-19.915299999999995
HG03914	-20.3069
HG03916	-23.309200000000004
HG03917	-23.498100000000008
HG03919	-25.451199999999996
HG03920	-21.691699999999997
HG03922	-22.809600000000003
HG03925	-21.381999999999998
HG03926	-23.7889
HG03928	-21.346099999999996
HG03931	-20.651000000000003
HG03934	-26.358300000000003
HG03937	-22.0311
HG03940	-19.227199999999996
HG03941	-22.7981
HG03943	-21.989
HG03944	-19.007699999999996
HG03945	-22.5339
HG03947	-22.5756
HG03949	-18.9672
HG03950	-21.0624
HG03951	-23.801199999999998
HG03953	-19.7945
HG03955	-22.7005
HG03960	-18.865100000000005
HG03963	-20.156699999999997
HG03965	-18.3252
HG03967	-21.1511
HG03968	-20.203599999999998
HG03969	-24.532199999999996
HG03971	-22.105800000000002
HG03973	-21.6215
HG03974	-19.007500000000007
HG03976	-20.8831
HG03977	-22.182700000000004
HG03978	-18.9025
HG03985	-20.3687
HG03986	-22.119500000000002
HG03989	-21.830799999999996
HG03990	-20.612899999999996
HG03991	-23.4637
HG03995	-19.460799999999995
HG03998	-22.036500000000004
HG03999	-23.292399999999994
HG04001	-18.162600000000005
HG04002	-22.646
HG04003	-18.926600000000004
HG04006	-25.4572
HG04014	-17.996000000000006
HG04015	-22.132000000000005
HG04017	-21.464499999999997
HG04018	-20.477100000000004
HG04019	-20.401300000000003
HG04020	-22.024400000000004
HG04022	-19.160699999999995
HG04023	-18.863400000000002
HG04025	-20.791299999999993
HG04026	-23.977999999999998
HG04029	-21.755100000000002
HG04033	-21.937199999999994
HG04035	-21.1948
HG04038	-22.5224
HG04039	-18.3098
HG04042	-20.7918
HG04047	-19.956699999999994
HG04054	-20.2283
HG04056	-19.694000000000003
HG04059	-21.3478
HG04060	-18.862799999999993
HG04061	-22.491200000000006
HG04062	-21.478500000000004
HG04063	-21.492299999999997
HG04070	-20.868099999999995
HG04075	-21.715900000000005
HG04076	-22.767200000000003
HG04080	-20.088000000000005
HG04090	-20.197899999999994
HG04093	-17.5847
HG04094	-22.619
HG04096	-19.884399999999996
HG04098	-20.2207
HG04099	-21.3072
HG04100	-21.298000000000002
HG04106	-19.9096
HG04107	-19.4106
HG04118	-24.587000000000007
HG04131	-19.4371
HG04134	-22.2215
HG04140	-22.7313
HG04141	-24.459799999999998
HG04144	-21.128400000000003
HG04146	-22.909399999999998
HG04152	-20.278799999999997
HG04153	-20.3061
HG04155	-20.764400000000002
HG04156	-20.082100000000004
HG04158	-21.7151
HG04159	-21.5368
HG04161	-21.020099999999992
HG04162	-19.6268
HG04164	-19.5043
HG04171	-18.970599999999997
HG04173	-23.0806
HG04176	-21.325300000000002
HG04177	-20.126200000000004
HG04180	-22.014999999999997
HG04182	-21.052799999999994
HG04183	-21.9698
HG04185	-23.437099999999997
HG04186	-22.289200000000005
HG04188	-19.332700000000003
HG04189	-22.788799999999995
HG04194	-21.698199999999996
HG04195	-21.660499999999995
HG04198	-20.887300000000003
HG04200	-20.119500000000006
HG04202	-23.073000000000004
HG04206	-24.2726
HG04209	-19.717
HG04210	-24.0597
HG04211	-21.325200000000002
HG04212	-20.0903
HG04214	-19.276899999999998
HG04216	-20.365099999999998
HG04219	-20.9781
HG04222	-19.867
HG04225	-21.994799999999998
HG04227	-21.314099999999996
HG04229	-20.315599999999996
HG04235	-20.2845
HG04238	-24.1933
HG04239	-24.538100000000004
NA06984	-19.6712
NA06985	-20.4565
NA06986	-23.5845
NA06989	-23.5811
NA06994	-23.053500000000003
NA07000	-21.8179
NA07037	-23.911899999999996
NA07048	-22.736399999999996
NA07051	-24.0553
NA07056	-22.268199999999997
NA07347	-20.900899999999993
NA07357	-22.669799999999995
NA10847	-19.477
NA10851	-20.480700000000002
NA11829	-25.3121
NA11830	-21.411400000000004
NA11831	-20.134399999999996
NA11832	-22.605399999999996
NA11840	-22.81310000000001
NA11843	-24.0607
NA11881	-24.523999999999994
NA11892	-23.107900000000008
NA11893	-19.5264
NA11894	-18.619200000000003
NA11918	-19.511800000000008
NA11919	-20.200400000000002
NA11920	-22.7862
NA11930	-18.9253
NA11931	-21.225099999999998
NA11932	-19.8213
NA11933	-24.5447
NA11992	-20.985000000000003
NA11994	-24.2197
NA11995	-20.622999999999998
NA12003	-21.9949
NA12004	-19.84870000000001
NA12005	-22.846899999999998
NA12006	-26.656299999999998
NA12043	-20.179100000000002
NA12044	-20.640399999999993
NA12045	-23.346300000000006
NA12046	-18.626699999999996
NA12058	-22.456200000000003
NA12144	-24.452800000000003
NA12154	-24.097599999999996
NA12155	-21.144599999999997
NA12156	-23.516000000000002
NA12234	-23.238899999999997
NA12249	-23.4307
NA12272	-22.1453
NA12273	-24.4252
NA12275	-19.923599999999993
NA12282	-20.172900000000002
NA12283	-21.2443
NA12286	-23.534200000000002
NA12287	-27.402399999999997
NA12340	-24.179900000000004
NA12341	-25.146300000000007
NA12342	-18.4483
NA12347	-27.4962
NA12348	-24.136499999999995
NA12383	-22.736100000000004
NA12399	-21.3989
NA12400	-23.074699999999996
NA12413	-19.502000000000006
NA12414	-18.3964
NA12489	-21.7772
NA12546	-22.2192
NA12716	-19.025399999999998
NA12717	-19.024900000000002
NA12718	-26.475799999999996
NA12748	-24.699499999999997
NA12749	-20.453299999999995
NA12750	-22.6446
NA12751	-19.3372
NA12760	-19.8512
NA12761	-23.126
NA12762	-21.309
NA12763	-19.048600000000008
NA12775	-21.840600000000002
NA12776	-23.331099999999992
NA12777	-21.1089
NA12778	-22.094700000000003
NA12812	-24.6161
NA12813	-23.663300000000003
NA12814	-22.6367
NA12815	-23.160400000000003
NA12827	-22.4642
NA12828	-25.2726
NA12829	-20.155900000000003
NA12830	-17.355800000000002
NA12842	-18.728900000000003
NA12843	-19.425200000000004
NA12872	-22.635700000000007
NA12873	-23.36969999999999
NA12874	-23.4166
NA12878	-20.632800000000003
NA12889	-22.253499999999995
NA12890	-23.969700000000003
NA18486	-22.4395
NA18488	-19.409600000000005
NA18489	-23.126700000000003
NA18498	-23.484799999999996
NA18499	-24.1298
NA18501	-22.491400000000002
NA18502	-19.91
NA18504	-22.8479
NA18505	-21.3062
NA18507	-21.378899999999994
NA18508	-21.056700000000003
NA18510	-24.013999999999996
NA18511	-22.274099999999997
NA18516	-23.625199999999996
NA18517	-19.549799999999998
NA18519	-21.8565
NA18520	-23.091199999999994
NA18522	-19.0481
NA18523	-21.694199999999995
NA18525	-19.869400000000006
NA18526	-20.890599999999996
NA18528	-22.8711
NA18530	-22.9731
NA18531	-23.111600000000006
NA18532	-19.6403
NA18533	-23.133500000000005
NA18534	-21.557799999999997
NA18535	-20.252
NA18536	-23.034599999999994
NA18537	-22.7667
NA18538	-24.202499999999997
NA18539	-22.298500000000004
NA18541	-20.955799999999996
NA18542	-22.687
NA18543	-21.5259
NA18544	-22.185799999999993
NA18545	-20.65299999999999
NA18546	-22.748599999999993
NA18547	-22.7318
NA18548	-23.0372
NA18549	-23.5165
NA18550	-22.222699999999996
NA18552	-22.0346
NA18553	-24.128500000000003
NA18555	-20.633300000000002
NA18557	-21.8278
NA18558	-22.439999999999998
NA18559	-20.162200000000002
NA18560	-22.935699999999997
NA18561	-22.139500000000005
NA18562	-22.500799999999998
NA18563	-21.214299999999998
NA18564	-20.2844
NA18565	-21.4259
NA18566	-20.4526
NA18567	-21.500500000000002
NA18570	-22.930000000000003
NA18571	-21.637299999999996
NA18572	-21.263299999999997
NA18573	-21.9415
NA18574	-23.838999999999995
NA18577	-20.998600000000003
NA18579	-19.576600000000003
NA18582	-22.812299999999997
NA18591	-24.8151
NA18592	-23.340099999999993
NA18593	-22.51170000000001
NA18595	-22.796999999999997
NA18596	-20.647899999999996
NA18597	-24.127900000000004
NA18599	-19.4731
NA18602	-23.2164
NA18603	-22.6731
NA18605	-21.828699999999994
NA18606	-24.945
NA18608	-22.365000000000006
NA18609	-22.233100000000004
NA18610	-23.0175
NA18611	-24.676399999999994
NA18612	-21.6194
NA18613	-20.432499999999997
NA18614	-20.9599
NA18615	-25.273899999999994
NA18616	-22.330600000000004
NA18617	-20.874000000000002
NA18618	-23.93780000000001
NA18619	-24.688799999999997
NA18620	-21.695800000000002
NA18621	-23.7431
NA18622	-22.7033
NA18623	-20.5722
NA18624	-21.862199999999994
NA18625	-20.8075
NA18626	-23.9142
NA18627	-22.5297
NA18628	-21.5415
NA18629	-22.8757
NA18630	-20.190399999999993
NA18631	-21.751199999999997
NA18632	-20.9391
NA18633	-20.66589999999999
NA18634	-18.662200000000006
NA18635	-23.7881
NA18636	-21.520299999999995
NA18637	-19.009
NA18638	-22.69560000000001
NA18639	-21.319699999999997
NA18640	-22.219799999999996
NA18641	-20.676500000000004
NA18642	-18.870799999999996
NA18643	-21.2258
NA18644	-23.6751
NA18645	-19.7082
NA18646	-24.205900000000003
NA18647	-21.307199999999995
NA18648	-25.844299999999997
NA18740	-21.919800000000002
NA18745	-22.907799999999998
NA18747	-18.150399999999998
NA18748	-19.264
NA18749	-20.393999999999995
NA18757	-21.120499999999996
NA18853	-22.773099999999992
NA18856	-20.265700000000006
NA18858	-20.5402
NA18861	-22.346800000000005
NA18864	-19.967700000000004
NA18865	-23.154799999999998
NA18867	-20.605700000000002
NA18868	-22.393500000000003
NA18870	-24.471799999999998
NA18871	-21.416399999999996
NA18873	-22.955099999999998
NA18874	-19.0907
NA18876	-20.3673
NA18877	-24.041900000000005
NA18878	-23.208799999999993
NA18879	-21.558599999999995
NA18881	-21.606199999999998
NA18907	-21.887
NA18908	-20.7204
NA18909	-23.5895
NA18910	-23.250199999999996
NA18912	-21.9946
NA18915	-22.066799999999997
NA18916	-22.385400000000004
NA18917	-22.904999999999998
NA18923	-21.159399999999998
NA18924	-20.202299999999994
NA18933	-23.630000000000003
NA18934	-22.6025
NA18939	-24.729399999999995
NA18940	-21.211799999999997
NA18941	-23.9812
NA18942	-21.6468
NA18943	-22.72320000000001
NA18944	-22.6015
NA18945	-21.9507
NA18946	-23.397900000000007
NA18947	-22.7111
NA18948	-21.321500000000004
NA18949	-24.212600000000002
NA18950	-20.9003
NA18951	-23.392
NA18952	-23.76750000000001
NA18953	-24.151200000000003
NA18954	-22.732700000000005
NA18956	-23.4968
NA18957	-21.7849
NA18959	-20.323299999999993
NA18960	-24.889600000000005
NA18961	-24.71259999999999
NA18962	-22.071100000000005
NA18963	-23.0399
NA18964	-23.7935
NA18965	-23.706400000000006
NA18966	-21.815499999999993
NA18967	-24.044300000000007
NA18968	-21.108599999999996
NA18969	-21.4403
NA18970	-24.099800000000002
NA18971	-23.3149
NA18972	-21.939100000000003
NA18973	-20.9184
NA18974	-22.2744
NA18975	-22.931400000000004
NA18976	-21.674
NA18977	-23.7305
NA18978	-22.858800000000002
NA18979	-21.5683
NA18980	-21.516199999999998
NA18981	-20.791600000000003
NA18982	-23.359999999999992
NA18983	-20.90729999999999
NA18984	-22.155799999999996
NA18985	-19.436
NA18986	-23.129800000000003
NA18987	-23.341399999999993
NA18988	-21.186199999999996
NA18989	-20.397399999999994
NA18990	-21.7165
NA18991	-22.979599999999998
NA18992	-19.7876
NA18993	-23.5285
NA18994	-24.169500000000003
NA18995	-20.369
NA18997	-19.453300000000002
NA18998	-22.534799999999997
NA18999	-22.974800000000005
NA19000	-20.097699999999996
NA19001	-21.905300000000004
NA19002	-21.198099999999993
NA19003	-25.476399999999998
NA19004	-23.041999999999994
NA19005	-20.8964
NA19006	-20.0978
NA19007	-20.029999999999998
NA19009	-21.033999999999995
NA19010	-22.8615
NA19011	-23.5361
NA19012	-23.9472
NA19017	-21.511799999999994
NA19019	-21.876
NA19020	-20.291100000000007
NA19023	-19.324300000000004
NA19024	-20.389000000000003
NA19025	-22.453999999999997
NA19026	-21.8579
NA19027	-19.597199999999997
NA19028	-21.441300000000002
NA19030	-21.785499999999992
NA19031	-20.1505
NA19035	-23.303099999999997
NA19036	-18.601399999999998
NA19037	-23.6462
NA19038	-24.210900000000002
NA19041	-20.0592
NA19042	-20.90040000000001
NA19043	-22.836199999999998
NA19054	-21.270000000000003
NA19055	-22.867900000000002
NA19056	-22.775300000000005
NA19057	-20.430600000000002
NA19058	-20.794300000000003
NA19059	-20.309299999999997
NA19060	-23.326100000000007
NA19062	-21.15190000000001
NA19063	-24.041099999999997
NA19064	-21.358200000000004
NA19065	-21.402399999999993
NA19066	-22.528299999999994
NA19067	-21.078300000000002
NA19068	-23.4446
NA19070	-20.125500000000006
NA19072	-20.515
NA19074	-23.5673
NA19075	-22.374100000000006
NA19076	-24.712400000000006
NA19077	-22.523600000000005
NA19078	-23.4685
NA19079	-23.7295
NA19080	-23.804900000000004
NA19081	-22.950799999999994
NA19082	-24.768300000000004
NA19083	-22.445799999999995
NA19084	-21.648399999999995
NA19085	-24.098100000000002
NA19086	-22.6855
NA19087	-23.434
NA19088	-20.225000000000005
NA19089	-19.606199999999998
NA19090	-23.5987
NA19091	-21.71249999999999
NA19092	-24.678599999999996
NA19093	-22.3812
NA19095	-24.0591
NA19096	-22.6663
NA19098	-20.819000000000003
NA19099	-22.8078
NA19102	-21.7265
NA19107	-19.361
NA19108	-20.7546
NA19113	-22.404100000000003
NA19114	-23.095300000000005
NA19116	-22.620400000000004
NA19117	-21.284899999999997
NA19118	-22.5288
NA19119	-21.1525
NA19121	-23.333299999999998
NA19129	-22.245
NA19130	-23.284799999999997
NA19131	-20.4539
NA19137	-22.608400000000003
NA19138	-24.6713
NA19141	-22.948400000000003
NA19143	-21.412000000000006
NA19144	-22.460500000000003
NA19146	-19.9143
NA19147	-22.6812
NA19149	-22.722800000000003
NA19152	-21.459600000000002
NA19153	-21.1815
NA19159	-21.642000000000003
NA19160	-20.815
NA19171	-20.714
NA19172	-25.039199999999997
NA19175	-22.376099999999997
NA19184	-22.860399999999995
NA19185	-24.1666
NA19189	-21.343899999999998
NA19190	-20.7042
NA19197	-23.831300000000006
NA19198	-22.550199999999997
NA19200	-22.679100000000002
NA19201	-18.4682
NA19204	-21.421800000000005
NA19206	-23.599099999999996
NA19207	-23.0522
NA19209	-21.9071
NA19210	-21.488700000000005
NA19213	-22.3432
NA19214	-19.091700000000003
NA19222	-19.9017
NA19223	-21.297899999999995
NA19225	-23.341300000000004
NA19235	-21.3597
NA19236	-21.144899999999993
NA19238	-22.6067
NA19239	-21.905900000000006
NA19247	-21.4433
NA19248	-21.119799999999998
NA19256	-21.3044
NA19257	-22.0744
NA19307	-21.8241
NA19308	-20.492399999999993
NA19309	-20.596799999999995
NA19310	-22.438799999999997
NA19312	-20.5833
NA19314	-19.800300000000004
NA19315	-21.474499999999995
NA19316	-22.508200000000002
NA19317	-23.389100000000003
NA19318	-21.0245
NA19319	-19.519299999999994
NA19320	-19.04
NA19321	-19.952000000000005
NA19323	-20.811700000000002
NA19324	-21.239600000000003
NA19327	-22.1634
NA19328	-20.499900000000004
NA19331	-24.2058
NA19332	-22.331000000000003
NA19334	-22.1987
NA19338	-21.1628
NA19346	-18.9388
NA19347	-21.080600000000004
NA19350	-21.771
NA19351	-23.133499999999998
NA19355	-21.250900000000005
NA19360	-21.5615
NA19372	-23.332099999999993
NA19374	-21.9929
NA19375	-21.4275
NA19376	-21.553300000000004
NA19377	-22.018999999999995
NA19378	-21.703400000000002
NA19379	-23.2995
NA19380	-21.062199999999997
NA19383	-22.966600000000003
NA19384	-21.102300000000003
NA19385	-21.7894
NA19390	-21.656900000000004
NA19391	-22.760600000000004
NA19393	-20.266400000000004
NA19394	-22.227499999999996
NA19395	-22.713000000000005
NA19397	-20.7511
NA19399	-18.188900000000007
NA19401	-20.28110000000001
NA19403	-23.349500000000003
NA19404	-20.5754
NA19428	-20.7696
NA19429	-22.533799999999996
NA19430	-22.419800000000002
NA19431	-20.809399999999997
NA19434	-17.987600000000004
NA19435	-20.568599999999996
NA19436	-21.953200000000002
NA19437	-23.289599999999997
NA19438	-21.983400000000003
NA19439	-23.650900000000004
NA19440	-21.402999999999995
NA19443	-20.228
NA19445	-21.771899999999995
NA19446	-21.120000000000005
NA19448	-21.257300000000004
NA19449	-21.476399999999995
NA19451	-21.8208
NA19452	-20.263099999999998
NA19454	-17.444000000000006
NA19455	-18.609700000000004
NA19456	-22.1304
NA19457	-21.849899999999998
NA19461	-23.423099999999994
NA19462	-20.5549
NA19463	-21.292099999999994
NA19466	-21.481800000000003
NA19467	-20.686600000000002
NA19468	-22.152600000000007
NA19471	-20.191900000000004
NA19472	-22.475500000000004
NA19473	-20.465100000000007
NA19474	-20.715100000000003
NA19475	-21.347199999999997
NA19625	-21.8988
NA19648	-23.0586
NA19649	-22.4361
NA19651	-23.446199999999997
NA19652	-23.44290000000001
NA19654	-25.244800000000005
NA19655	-23.954699999999992
NA19657	-21.625099999999996
NA19658	-20.4786
NA19661	-21.6794
NA19663	-22.473500000000005
NA19664	-19.625200000000003
NA19669	-19.596999999999998
NA19670	-20.140200000000007
NA19676	-22.4536
NA19678	-23.005399999999998
NA19679	-20.136
NA19681	-22.6296
NA19682	-23.137799999999995
NA19684	-21.347200000000004
NA19700	-21.459200000000003
NA19701	-24.115400000000005
NA19703	-23.294700000000006
NA19704	-21.733
NA19707	-22.829700000000003
NA19711	-20.877300000000005
NA19712	-21.7535
NA19713	-23.028699999999997
NA19716	-19.345000000000002
NA19717	-25.3684
NA19719	-16.6778
NA19720	-22.722600000000003
NA19722	-24.330600000000008
NA19723	-24.0883
NA19725	-22.183500000000006
NA19726	-24.847900000000006
NA19728	-22.8047
NA19729	-24.105800000000002
NA19731	-21.889200000000002
NA19732	-21.909999999999997
NA19734	-22.348499999999998
NA19735	-18.271799999999995
NA19740	-22.206
NA19741	-20.5101
NA19746	-20.6249
NA19747	-23.521600000000007
NA19749	-23.370800000000006
NA19750	-19.94430000000001
NA19752	-25.503800000000002
NA19755	-18.734199999999998
NA19756	-24.764699999999998
NA19758	-22.370299999999997
NA19759	-24.7988
NA19761	-22.233400000000003
NA19762	-24.6814
NA19764	-20.381800000000002
NA19770	-26.0856
NA19771	-22.151499999999995
NA19773	-21.385700000000007
NA19774	-23.2062
NA19776	-20.486099999999997
NA19777	-23.5535
NA19779	-22.603500000000004
NA19780	-24.371
NA19782	-22.219199999999994
NA19783	-20.014199999999995
NA19785	-23.129700000000003
NA19786	-22.7764
NA19788	-20.7217
NA19789	-22.7618
NA19792	-20.684599999999996
NA19794	-22.66390000000001
NA19795	-22.3912
NA19818	-22.913600000000002
NA19819	-22.538999999999998
NA19834	-20.625600000000006
NA19835	-19.9211
NA19900	-22.81479999999999
NA19901	-21.130700000000004
NA19904	-24.0605
NA19908	-21.241300000000003
NA19909	-23.62440000000001
NA19913	-23.769299999999998
NA19914	-19.276799999999998
NA19916	-22.2596
NA19917	-20.768400000000003
NA19920	-21.559199999999997
NA19921	-20.418699999999994
NA19922	-21.777500000000003
NA19923	-21.9492
NA19982	-20.9899
NA19984	-22.207200000000004
NA20126	-23.338300000000004
NA20127	-20.0704
NA20274	-21.057100000000002
NA20276	-21.4271
NA20278	-23.9658
NA20281	-20.1969
NA20282	-22.8378
NA20287	-21.313999999999997
NA20289	-24.645400000000002
NA20291	-20.249799999999997
NA20294	-21.828699999999998
NA20296	-20.252199999999995
NA20298	-21.42279999999999
NA20299	-22.476399999999995
NA20314	-21.698000000000004
NA20317	-22.3676
NA20318	-24.14430000000001
NA20320	-23.0184
NA20321	-21.671800000000005
NA20332	-21.663000000000004
NA20334	-17.618499999999994
NA20339	-20.773800000000005
NA20340	-22.369099999999996
NA20342	-21.3825
NA20346	-20.433600000000006
NA20348	-21.575499999999998
NA20351	-23.961699999999997
NA20355	-21.122000000000007
NA20356	-20.271399999999996
NA20357	-23.7958
NA20359	-24.505699999999997
NA20362	-24.8882
NA20412	-21.073700000000006
NA20502	-22.346300000000003
NA20503	-22.682599999999997
NA20504	-21.4509
NA20505	-21.978799999999996
NA20506	-22.450200000000002
NA20507	-21.233400000000003
NA20508	-20.675
NA20509	-24.048
NA20510	-23.4882
NA20511	-25.4312
NA20512	-21.290599999999994
NA20513	-22.015300000000003
NA20514	-18.3476
NA20515	-19.565199999999997
NA20516	-20.8707
NA20517	-19.19879999999999
NA20518	-20.398500000000006
NA20519	-24.084699999999994
NA20520	-20.697500000000005
NA20521	-22.3728
NA20522	-23.5286
NA20524	-18.527999999999995
NA20525	-21.0315
NA20527	-20.567300000000003
NA20528	-22.404100000000003
NA20529	-21.680400000000002
NA20530	-24.1347
NA20531	-20.795899999999996
NA20532	-22.335299999999993
NA20533	-19.667900000000003
NA20534	-18.7863
NA20535	-21.410599999999995
NA20536	-21.679900000000004
NA20538	-22.324299999999997
NA20539	-21.968500000000002
NA20540	-23.180000000000007
NA20541	-21.04089999999999
NA20542	-23.524399999999996
NA20543	-19.4472
NA20544	-21.517300000000002
NA20581	-20.798800000000004
NA20582	-20.518400000000003
NA20585	-19.75660000000001
NA20586	-21.4546
NA20587	-24.135099999999998
NA20588	-19.8789
NA20589	-22.61379999999999
NA20752	-21.8437
NA20753	-19.8051
NA20754	-19.575599999999994
NA20755	-19.527000000000005
NA20756	-22.021
NA20757	-21.0348
NA20758	-23.381400000000003
NA20759	-21.159
NA20760	-23.1423
NA20761	-17.760700000000003
NA20762	-22.678400000000003
NA20763	-22.415
NA20764	-22.1399
NA20765	-24.788500000000003
NA20766	-20.394000000000005
NA20767	-20.569200000000002
NA20768	-23.22619999999999
NA20769	-18.714800000000004
NA20770	-26.903800000000004
NA20771	-23.1514
NA20772	-23.173599999999997
NA20773	-22.544100000000004
NA20774	-20.3423
NA20775	-19.554000000000006
NA20778	-21.503399999999996
NA20783	-20.0622
NA20785	-23.0625
NA20786	-24.297500000000003
NA20787	-19.194099999999995
NA20790	-21.780099999999997
NA20792	-20.336599999999997
NA20795	-21.574699999999996
NA20796	-22.096600000000002
NA20797	-23.157100000000007
NA20798	-25.25
NA20799	-24.353199999999994
NA20800	-22.581300000000002
NA20801	-20.746000000000002
NA20802	-20.4775
NA20803	-22.2244
NA20804	-24.365900000000003
NA20805	-22.1058
NA20806	-21.0285
NA20807	-21.5874
NA20808	-22.521399999999996
NA20809	-22.1169
NA20810	-23.961399999999998
NA20811	-21.174000000000007
NA20812	-24.198999999999995
NA20813	-25.099199999999996
NA20814	-21.6768
NA20815	-21.768600000000003
NA20818	-20.308799999999998
NA20819	-23.085599999999996
NA20821	-18.426199999999998
NA20822	-19.6889
NA20826	-23.600399999999997
NA20827	-20.990799999999997
NA20828	-23.845099999999995
NA20832	-21.1081
NA20845	-22.279700000000002
NA20846	-19.246500000000005
NA20847	-20.226799999999997
NA20849	-19.854899999999997
NA20850	-24.370299999999997
NA20851	-18.3708
NA20852	-22.419100000000004
NA20853	-17.734099999999998
NA20854	-20.879299999999994
NA20856	-20.5923
NA20858	-23.905099999999997
NA20859	-21.984500000000004
NA20861	-22.47809999999999
NA20862	-18.7273
NA20863	-21.4197
NA20864	-20.678900000000006
NA20866	-20.9284
NA20867	-20.3829
NA20868	-18.591499999999993
NA20869	-21.209200000000003
NA20870	-20.8144
NA20872	-22.150900000000004
NA20874	-20.53250000000001
NA20875	-22.962600000000002
NA20876	-22.113400000000002
NA20877	-20.6913
NA20878	-21.791600000000003
NA20881	-20.592899999999993
NA20882	-21.674999999999997
NA20884	-20.0559
NA20885	-18.739300000000007
NA20886	-25.0771
NA20887	-21.457
NA20888	-22.811799999999998
NA20889	-21.4787
NA20890	-21.723300000000002
NA20891	-19.777599999999996
NA20892	-20.5437
NA20894	-20.476899999999997
NA20895	-20.3388
NA20896	-19.319499999999998
NA20897	-22.3575
NA20899	-18.310400000000005
NA20900	-20.217
NA20901	-20.476899999999997
NA20902	-23.051399999999994
NA20903	-21.819400000000005
NA20904	-23.8597
NA20905	-21.3848
NA20906	-22.565099999999997
NA20908	-19.7052
NA20910	-22.7384
NA20911	-22.084400000000002
NA21086	-24.0461
NA21087	-23.712200000000003
NA21088	-22.199599999999997
NA21089	-20.79469999999999
NA21090	-21.6904
NA21091	-19.6111
NA21092	-23.349199999999996
NA21093	-17.6918
NA21094	-23.3816
NA21095	-21.1734
NA21097	-22.5605
NA21098	-18.804
NA21099	-20.336000000000006
NA21100	-21.862399999999997
NA21101	-21.3034
NA21102	-19.788
NA21103	-22.631700000000002
NA21104	-20.915399999999995
NA21105	-23.088400000000004
NA21106	-18.773300000000006
NA21107	-22.0498
NA21108	-21.135500000000004
NA21109	-19.901
NA21110	-19.3904
NA21111	-21.230999999999998
NA21112	-23.357100000000003
NA21113	-21.750300000000006
NA21114	-23.7026
NA21115	-22.051199999999998
NA21116	-20.081200000000003
NA21117	-19.4868
NA21118	-22.4131
NA21119	-20.012299999999993
NA21120	-20.957699999999996
NA21122	-20.759100000000004
NA21123	-19.789800000000003
NA21124	-24.077
NA21125	-20.892
NA21126	-19.533899999999996
NA21127	-19.878500000000006
NA21128	-19.831799999999998
NA21129	-21.420099999999998
NA21130	-20.569300000000002
NA21133	-21.550400000000003
NA21135	-18.597400000000004
NA21137	-21.20779999999999
NA21141	-20.6915
NA21142	-17.8469
NA21143	-20.591499999999996
NA21144	-22.468600000000002
