IID	PRS	PRS_Group
HG00096	-16.998500000000003	High
HG00097	-16.9645	High
HG00099	-22.414	Intermediate
HG00100	-22.05700000000001	Intermediate
HG00101	-19.4984	High
HG00102	-21.0954	Intermediate
HG00103	-20.213100000000008	High
HG00105	-22.976999999999997	Intermediate
HG00106	-20.63110000000001	Intermediate
HG00107	-20.3914	Intermediate
HG00108	-24.4866	Low
HG00109	-22.2842	Intermediate
HG00110	-22.839899999999997	Intermediate
HG00111	-19.9906	High
HG00112	-21.521100000000004	Intermediate
HG00113	-24.112400000000004	Low
HG00114	-20.924	Intermediate
HG00115	-20.5497	Intermediate
HG00116	-22.3356	Intermediate
HG00117	-22.549800000000005	Intermediate
HG00118	-21.790299999999995	Intermediate
HG00119	-22.4077	Intermediate
HG00120	-20.0112	High
HG00121	-21.5491	Intermediate
HG00122	-20.2405	High
HG00123	-23.765599999999992	Low
HG00125	-23.084800000000005	Intermediate
HG00126	-21.539700000000003	Intermediate
HG00127	-22.55299999999999	Intermediate
HG00128	-20.8616	Intermediate
HG00129	-21.2663	Intermediate
HG00130	-21.94	Intermediate
HG00131	-20.8318	Intermediate
HG00132	-19.4187	High
HG00133	-25.9093	Low
HG00136	-24.245599999999992	Low
HG00137	-16.481100000000005	High
HG00138	-21.2047	Intermediate
HG00139	-20.717599999999997	Intermediate
HG00140	-22.7468	Intermediate
HG00141	-23.0333	Intermediate
HG00142	-20.02540000000001	High
HG00143	-19.867000000000004	High
HG00145	-24.725300000000004	Low
HG00146	-20.49300000000001	Intermediate
HG00148	-17.706200000000003	High
HG00149	-22.3373	Intermediate
HG00150	-26.7037	Low
HG00151	-21.3478	Intermediate
HG00154	-23.578899999999997	Low
HG00155	-23.836700000000004	Low
HG00157	-20.9339	Intermediate
HG00158	-23.1043	Intermediate
HG00159	-21.298199999999994	Intermediate
HG00160	-22.4631	Intermediate
HG00171	-21.388800000000003	Intermediate
HG00173	-21.3513	Intermediate
HG00174	-22.7492	Intermediate
HG00176	-26.511900000000004	Low
HG00177	-21.740500000000008	Intermediate
HG00178	-18.861699999999995	High
HG00179	-21.0962	Intermediate
HG00180	-21.803500000000007	Intermediate
HG00181	-16.0893	High
HG00182	-21.8796	Intermediate
HG00183	-22.4086	Intermediate
HG00185	-21.851599999999998	Intermediate
HG00186	-24.242799999999995	Low
HG00187	-19.0787	High
HG00188	-20.3057	High
HG00189	-23.462799999999994	Low
HG00190	-27.1279	Low
HG00231	-23.543400000000005	Low
HG00232	-23.198200000000003	Intermediate
HG00233	-24.4672	Low
HG00234	-19.0827	High
HG00235	-21.147100000000005	Intermediate
HG00236	-24.1231	Low
HG00237	-19.9972	High
HG00238	-23.2149	Intermediate
HG00239	-25.818100000000005	Low
HG00240	-26.807399999999998	Low
HG00242	-23.6929	Low
HG00243	-21.431600000000003	Intermediate
HG00244	-24.812400000000004	Low
HG00245	-26.0087	Low
HG00246	-21.825000000000006	Intermediate
HG00250	-24.2745	Low
HG00251	-23.554500000000004	Low
HG00252	-24.69039999999999	Low
HG00253	-21.851700000000005	Intermediate
HG00254	-25.38470000000001	Low
HG00255	-22.9577	Intermediate
HG00256	-24.4063	Low
HG00257	-21.5572	Intermediate
HG00258	-25.219099999999997	Low
HG00259	-21.198300000000003	Intermediate
HG00260	-24.2018	Low
HG00261	-17.622999999999998	High
HG00262	-25.43980000000001	Low
HG00263	-22.937700000000003	Intermediate
HG00264	-24.903899999999997	Low
HG00265	-21.4324	Intermediate
HG00266	-19.927999999999997	High
HG00267	-19.274	High
HG00268	-24.2181	Low
HG00269	-20.831199999999995	Intermediate
HG00271	-21.5409	Intermediate
HG00272	-20.3578	Intermediate
HG00273	-21.239500000000007	Intermediate
HG00274	-20.407400000000003	Intermediate
HG00275	-21.6609	Intermediate
HG00276	-21.2662	Intermediate
HG00277	-24.4992	Low
HG00278	-17.405299999999997	High
HG00280	-20.9293	Intermediate
HG00281	-23.814199999999992	Low
HG00282	-22.6318	Intermediate
HG00284	-23.0098	Intermediate
HG00285	-22.4693	Intermediate
HG00288	-19.66390000000001	High
HG00290	-18.014799999999997	High
HG00304	-23.323000000000004	Low
HG00306	-18.103599999999997	High
HG00308	-19.891700000000004	High
HG00309	-20.534499999999998	Intermediate
HG00310	-24.480300000000007	Low
HG00311	-21.363399999999995	Intermediate
HG00313	-21.184	Intermediate
HG00315	-23.891900000000007	Low
HG00318	-24.8651	Low
HG00319	-22.176	Intermediate
HG00320	-24.698599999999995	Low
HG00321	-22.45340000000001	Intermediate
HG00323	-23.0078	Intermediate
HG00324	-25.676600000000004	Low
HG00325	-20.46	Intermediate
HG00326	-24.6844	Low
HG00327	-21.341800000000003	Intermediate
HG00328	-24.329	Low
HG00329	-21.9639	Intermediate
HG00330	-22.1025	Intermediate
HG00331	-22.0024	Intermediate
HG00332	-18.960899999999995	High
HG00334	-24.4268	Low
HG00335	-20.295700000000004	High
HG00336	-20.163	High
HG00337	-21.2811	Intermediate
HG00338	-20.31140000000001	High
HG00339	-19.4731	High
HG00341	-22.312300000000004	Intermediate
HG00342	-24.3117	Low
HG00343	-20.9392	Intermediate
HG00344	-23.5333	Low
HG00345	-22.753200000000007	Intermediate
HG00346	-22.2365	Intermediate
HG00349	-20.920799999999996	Intermediate
HG00350	-22.6444	Intermediate
HG00351	-22.435	Intermediate
HG00353	-23.805699999999987	Low
HG00355	-22.614200000000004	Intermediate
HG00356	-20.3855	Intermediate
HG00357	-24.229900000000004	Low
HG00358	-22.9688	Intermediate
HG00360	-21.5238	Intermediate
HG00361	-22.260099999999994	Intermediate
HG00362	-23.079799999999995	Intermediate
HG00364	-21.3271	Intermediate
HG00365	-26.727000000000004	Low
HG00366	-22.364200000000004	Intermediate
HG00367	-24.1068	Low
HG00368	-19.0674	High
HG00369	-22.2821	Intermediate
HG00371	-18.2713	High
HG00372	-18.9546	High
HG00373	-23.7143	Low
HG00375	-22.100800000000003	Intermediate
HG00376	-20.2865	High
HG00378	-20.9593	Intermediate
HG00379	-20.973899999999997	Intermediate
HG00380	-19.053600000000003	High
HG00381	-20.7814	Intermediate
HG00382	-22.9088	Intermediate
HG00383	-21.2806	Intermediate
HG00384	-26.1242	Low
HG00403	-23.692400000000003	Low
HG00404	-22.86370000000001	Intermediate
HG00406	-22.1274	Intermediate
HG00407	-22.154	Intermediate
HG00409	-22.207000000000004	Intermediate
HG00410	-22.152099999999997	Intermediate
HG00419	-23.5508	Low
HG00421	-23.0767	Intermediate
HG00422	-22.0475	Intermediate
HG00428	-22.0368	Intermediate
HG00436	-19.9197	High
HG00437	-22.4386	Intermediate
HG00442	-22.1691	Intermediate
HG00443	-23.135900000000003	Intermediate
HG00445	-20.037	High
HG00446	-21.62710000000001	Intermediate
HG00448	-19.1711	High
HG00449	-22.4903	Intermediate
HG00451	-22.184899999999995	Intermediate
HG00452	-21.5997	Intermediate
HG00457	-19.925	High
HG00458	-21.229100000000003	Intermediate
HG00463	-23.15	Intermediate
HG00464	-23.070500000000003	Intermediate
HG00472	-23.5013	Low
HG00473	-22.7463	Intermediate
HG00475	-21.74339999999999	Intermediate
HG00476	-22.3391	Intermediate
HG00478	-21.9441	Intermediate
HG00479	-22.5951	Intermediate
HG00500	-23.726800000000004	Low
HG00513	-23.527400000000004	Low
HG00524	-22.3988	Intermediate
HG00525	-21.3719	Intermediate
HG00530	-22.663	Intermediate
HG00531	-19.341100000000004	High
HG00533	-21.222	Intermediate
HG00534	-20.9551	Intermediate
HG00536	-21.4373	Intermediate
HG00537	-24.053899999999995	Low
HG00542	-20.247200000000003	High
HG00543	-19.8464	High
HG00551	-20.965699999999995	Intermediate
HG00553	-24.7648	Low
HG00554	-20.401499999999995	Intermediate
HG00556	-23.265300000000003	Low
HG00557	-20.253	High
HG00559	-20.6127	Intermediate
HG00560	-21.639700000000005	Intermediate
HG00565	-20.4387	Intermediate
HG00566	-19.6308	High
HG00580	-19.2822	High
HG00581	-22.826200000000004	Intermediate
HG00583	-20.2387	High
HG00584	-20.798800000000007	Intermediate
HG00589	-20.1678	High
HG00590	-20.6349	Intermediate
HG00592	-19.7768	High
HG00593	-22.6637	Intermediate
HG00595	-22.1128	Intermediate
HG00596	-19.7593	High
HG00598	-21.3884	Intermediate
HG00599	-22.885599999999997	Intermediate
HG00607	-22.478500000000004	Intermediate
HG00608	-23.56	Low
HG00610	-23.263200000000005	Low
HG00611	-23.7709	Low
HG00613	-22.034	Intermediate
HG00614	-21.0524	Intermediate
HG00619	-24.7734	Low
HG00620	-19.568500000000004	High
HG00622	-22.403400000000005	Intermediate
HG00623	-19.8635	High
HG00625	-23.4404	Low
HG00626	-20.754900000000003	Intermediate
HG00628	-23.8658	Low
HG00629	-23.3564	Low
HG00631	-22.697599999999994	Intermediate
HG00632	-21.928599999999992	Intermediate
HG00634	-20.7734	Intermediate
HG00637	-23.21860000000001	Intermediate
HG00638	-21.781199999999995	Intermediate
HG00640	-23.7569	Low
HG00641	-22.422000000000004	Intermediate
HG00650	-20.270499999999995	High
HG00651	-21.9397	Intermediate
HG00653	-20.7773	Intermediate
HG00654	-23.8224	Low
HG00656	-23.58470000000001	Low
HG00657	-22.463200000000004	Intermediate
HG00662	-22.9763	Intermediate
HG00663	-23.8834	Low
HG00671	-22.8861	Intermediate
HG00672	-21.6445	Intermediate
HG00674	-22.6218	Intermediate
HG00675	-22.6325	Intermediate
HG00683	-23.388400000000008	Low
HG00684	-23.5706	Low
HG00689	-20.788200000000003	Intermediate
HG00690	-23.35029999999999	Low
HG00692	-22.137500000000003	Intermediate
HG00693	-20.588199999999997	Intermediate
HG00698	-21.29210000000001	Intermediate
HG00699	-21.5724	Intermediate
HG00701	-21.6891	Intermediate
HG00704	-21.6265	Intermediate
HG00705	-20.770099999999992	Intermediate
HG00707	-19.9971	High
HG00708	-23.229800000000008	Intermediate
HG00717	-22.890000000000004	Intermediate
HG00728	-21.5975	Intermediate
HG00729	-22.8351	Intermediate
HG00731	-19.474000000000004	High
HG00732	-27.2468	Low
HG00734	-21.1411	Intermediate
HG00736	-18.2229	High
HG00737	-21.185	Intermediate
HG00739	-25.5386	Low
HG00740	-26.195400000000006	Low
HG00742	-20.2502	High
HG00743	-23.74150000000001	Low
HG00759	-18.669999999999995	High
HG00766	-22.6935	Intermediate
HG00844	-21.7865	Intermediate
HG00851	-22.190200000000004	Intermediate
HG00864	-24.0232	Low
HG00867	-23.0717	Intermediate
HG00879	-22.8612	Intermediate
HG00881	-20.66209999999999	Intermediate
HG00956	-21.4423	Intermediate
HG00978	-23.4737	Low
HG00982	-20.9762	Intermediate
HG01028	-22.029599999999995	Intermediate
HG01029	-21.237500000000004	Intermediate
HG01031	-23.810600000000004	Low
HG01046	-21.9939	Intermediate
HG01047	-20.70770000000001	Intermediate
HG01048	-23.462100000000003	Low
HG01049	-20.2699	High
HG01051	-22.1728	Intermediate
HG01052	-23.6462	Low
HG01054	-23.377400000000005	Low
HG01055	-21.3243	Intermediate
HG01058	-24.6213	Low
HG01060	-21.9667	Intermediate
HG01061	-20.7312	Intermediate
HG01063	-21.3825	Intermediate
HG01064	-21.241	Intermediate
HG01066	-18.395699999999994	High
HG01067	-22.22150000000001	Intermediate
HG01069	-20.304600000000004	High
HG01070	-18.787099999999995	High
HG01072	-21.9383	Intermediate
HG01073	-19.716300000000004	High
HG01075	-23.090200000000003	Intermediate
HG01077	-22.9421	Intermediate
HG01079	-20.4716	Intermediate
HG01080	-21.9779	Intermediate
HG01082	-23.3662	Low
HG01083	-23.8115	Low
HG01085	-18.7445	High
HG01086	-21.5855	Intermediate
HG01088	-20.8955	Intermediate
HG01089	-23.9682	Low
HG01092	-23.452800000000003	Low
HG01094	-23.4216	Low
HG01095	-18.59820000000001	High
HG01097	-20.2596	High
HG01098	-19.436100000000003	High
HG01101	-19.990399999999998	High
HG01102	-23.867600000000003	Low
HG01104	-18.7991	High
HG01105	-19.492999999999995	High
HG01107	-23.7086	Low
HG01108	-23.849100000000004	Low
HG01110	-21.9247	Intermediate
HG01111	-23.7125	Low
HG01112	-22.6103	Intermediate
HG01113	-21.508699999999997	Intermediate
HG01119	-22.7364	Intermediate
HG01121	-24.715	Low
HG01122	-19.1912	High
HG01124	-21.72770000000001	Intermediate
HG01125	-22.878799999999995	Intermediate
HG01130	-21.4424	Intermediate
HG01131	-20.628100000000003	Intermediate
HG01133	-21.873200000000004	Intermediate
HG01134	-19.656599999999997	High
HG01136	-22.3429	Intermediate
HG01137	-24.0402	Low
HG01139	-21.438300000000005	Intermediate
HG01140	-23.2637	Low
HG01142	-20.3794	Intermediate
HG01148	-23.0832	Intermediate
HG01149	-22.904	Intermediate
HG01161	-18.5299	High
HG01162	-20.0067	High
HG01164	-23.7634	Low
HG01167	-21.79040000000001	Intermediate
HG01168	-20.1805	High
HG01170	-22.799499999999995	Intermediate
HG01171	-19.4292	High
HG01173	-19.3382	High
HG01174	-21.93640000000001	Intermediate
HG01176	-21.8734	Intermediate
HG01177	-23.7038	Low
HG01182	-21.8724	Intermediate
HG01183	-19.67590000000001	High
HG01187	-19.2404	High
HG01188	-20.5708	Intermediate
HG01190	-24.330700000000004	Low
HG01191	-19.526099999999992	High
HG01197	-25.141400000000004	Low
HG01198	-24.5017	Low
HG01200	-24.754399999999997	Low
HG01204	-25.8856	Low
HG01205	-23.4275	Low
HG01241	-19.5765	High
HG01242	-22.8544	Intermediate
HG01247	-20.9912	Intermediate
HG01248	-20.235200000000003	High
HG01250	-23.7882	Low
HG01251	-23.2661	Low
HG01253	-21.8465	Intermediate
HG01254	-22.3856	Intermediate
HG01256	-25.0886	Low
HG01257	-20.466500000000003	Intermediate
HG01259	-20.988800000000005	Intermediate
HG01260	-23.6155	Low
HG01269	-23.00899999999999	Intermediate
HG01271	-23.398700000000005	Low
HG01272	-20.517799999999998	Intermediate
HG01275	-23.6211	Low
HG01277	-19.2665	High
HG01280	-23.8026	Low
HG01281	-19.8675	High
HG01284	-21.5555	Intermediate
HG01286	-23.309999999999995	Low
HG01302	-22.4627	Intermediate
HG01303	-21.0977	Intermediate
HG01305	-17.5769	High
HG01308	-22.9537	Intermediate
HG01311	-23.19580000000001	Intermediate
HG01312	-19.090000000000003	High
HG01323	-18.7182	High
HG01325	-24.1913	Low
HG01326	-22.7063	Intermediate
HG01334	-23.3187	Low
HG01341	-22.9353	Intermediate
HG01342	-23.7766	Low
HG01344	-24.4355	Low
HG01345	-21.8274	Intermediate
HG01348	-17.944000000000006	High
HG01350	-25.1084	Low
HG01351	-22.497000000000003	Intermediate
HG01353	-20.984	Intermediate
HG01354	-21.4069	Intermediate
HG01356	-21.623	Intermediate
HG01357	-23.0608	Intermediate
HG01359	-20.2232	High
HG01360	-25.9825	Low
HG01362	-20.178500000000007	High
HG01363	-23.2567	Low
HG01365	-22.614300000000004	Intermediate
HG01366	-19.933300000000006	High
HG01369	-21.976299999999995	Intermediate
HG01372	-21.81779999999999	Intermediate
HG01374	-24.008399999999995	Low
HG01375	-17.627999999999997	High
HG01377	-23.324400000000004	Low
HG01378	-24.9697	Low
HG01383	-24.301100000000005	Low
HG01384	-26.7971	Low
HG01389	-21.8798	Intermediate
HG01390	-24.3448	Low
HG01392	-24.9174	Low
HG01393	-24.3185	Low
HG01395	-23.147100000000005	Intermediate
HG01396	-20.201	High
HG01398	-22.3665	Intermediate
HG01402	-20.9	Intermediate
HG01403	-22.112900000000007	Intermediate
HG01405	-19.9357	High
HG01412	-20.927200000000006	Intermediate
HG01413	-23.38570000000001	Low
HG01414	-21.9201	Intermediate
HG01431	-23.837	Low
HG01432	-20.663999999999994	Intermediate
HG01435	-19.7128	High
HG01437	-18.967700000000004	High
HG01438	-17.512900000000002	High
HG01440	-21.9853	Intermediate
HG01441	-19.551199999999994	High
HG01443	-20.8957	Intermediate
HG01444	-21.27960000000001	Intermediate
HG01447	-21.8361	Intermediate
HG01455	-20.406400000000005	Intermediate
HG01456	-22.812999999999995	Intermediate
HG01459	-23.7193	Low
HG01461	-18.6799	High
HG01462	-19.4995	High
HG01464	-21.368099999999995	Intermediate
HG01465	-20.499700000000004	Intermediate
HG01468	-21.427999999999997	Intermediate
HG01474	-21.7349	Intermediate
HG01479	-21.7828	Intermediate
HG01485	-23.7471	Low
HG01486	-19.254800000000003	High
HG01488	-22.911400000000004	Intermediate
HG01489	-22.678499999999996	Intermediate
HG01491	-24.3027	Low
HG01492	-24.7344	Low
HG01494	-21.5646	Intermediate
HG01495	-27.9456	Low
HG01497	-22.8408	Intermediate
HG01498	-25.419400000000003	Low
HG01500	-21.797300000000003	Intermediate
HG01501	-20.326400000000003	High
HG01503	-23.422	Low
HG01504	-22.9907	Intermediate
HG01506	-20.2408	High
HG01507	-22.8755	Intermediate
HG01509	-19.878	High
HG01510	-22.818	Intermediate
HG01512	-22.9351	Intermediate
HG01513	-20.5838	Intermediate
HG01515	-21.689999999999998	Intermediate
HG01516	-20.8782	Intermediate
HG01518	-21.671899999999997	Intermediate
HG01519	-23.804	Low
HG01521	-24.2846	Low
HG01522	-19.309500000000003	High
HG01524	-21.535300000000003	Intermediate
HG01525	-22.083900000000003	Intermediate
HG01527	-21.461500000000008	Intermediate
HG01528	-19.4992	High
HG01530	-21.5772	Intermediate
HG01531	-23.9849	Low
HG01536	-21.160499999999995	Intermediate
HG01537	-23.3472	Low
HG01550	-24.95179999999999	Low
HG01551	-22.4903	Intermediate
HG01556	-22.8655	Intermediate
HG01565	-24.760600000000004	Low
HG01566	-22.354299999999995	Intermediate
HG01571	-23.700399999999995	Low
HG01572	-23.2322	Intermediate
HG01577	-19.5235	High
HG01578	-21.8544	Intermediate
HG01583	-20.0437	High
HG01586	-20.0612	High
HG01589	-22.1153	Intermediate
HG01593	-21.8411	Intermediate
HG01595	-19.5191	High
HG01596	-24.30629999999999	Low
HG01597	-23.1107	Intermediate
HG01598	-20.3582	Intermediate
HG01599	-21.9319	Intermediate
HG01600	-23.145599999999995	Intermediate
HG01602	-21.2814	Intermediate
HG01603	-20.8436	Intermediate
HG01605	-22.189200000000003	Intermediate
HG01606	-20.2364	High
HG01607	-22.1482	Intermediate
HG01608	-21.2205	Intermediate
HG01610	-23.194099999999995	Intermediate
HG01612	-23.047599999999992	Intermediate
HG01613	-19.830800000000004	High
HG01615	-18.5831	High
HG01617	-20.047100000000004	High
HG01618	-22.9077	Intermediate
HG01619	-23.630900000000008	Low
HG01620	-21.6349	Intermediate
HG01623	-20.158700000000003	High
HG01624	-19.48	High
HG01625	-19.7995	High
HG01626	-24.297199999999997	Low
HG01628	-21.585800000000003	Intermediate
HG01630	-19.2007	High
HG01631	-24.5885	Low
HG01632	-22.987	Intermediate
HG01668	-22.9121	Intermediate
HG01669	-21.437800000000003	Intermediate
HG01670	-21.306	Intermediate
HG01672	-24.613199999999992	Low
HG01673	-20.438500000000005	Intermediate
HG01675	-23.7481	Low
HG01676	-21.8417	Intermediate
HG01678	-20.4232	Intermediate
HG01679	-24.1049	Low
HG01680	-21.1644	Intermediate
HG01682	-21.795900000000003	Intermediate
HG01684	-23.946000000000005	Low
HG01685	-22.3197	Intermediate
HG01686	-20.1312	High
HG01694	-22.393799999999995	Intermediate
HG01695	-22.9141	Intermediate
HG01697	-20.168699999999998	High
HG01699	-26.0748	Low
HG01700	-21.7057	Intermediate
HG01702	-21.2521	Intermediate
HG01704	-21.1221	Intermediate
HG01705	-20.729700000000005	Intermediate
HG01707	-22.806599999999992	Intermediate
HG01708	-20.102500000000003	High
HG01709	-22.484100000000005	Intermediate
HG01710	-20.4777	Intermediate
HG01746	-22.394	Intermediate
HG01747	-25.899	Low
HG01756	-20.111300000000004	High
HG01757	-22.1486	Intermediate
HG01761	-23.327900000000003	Low
HG01762	-22.564100000000003	Intermediate
HG01765	-23.8811	Low
HG01766	-20.6618	Intermediate
HG01767	-22.4419	Intermediate
HG01768	-18.1937	High
HG01770	-19.6187	High
HG01771	-20.0208	High
HG01773	-21.9391	Intermediate
HG01775	-18.912900000000004	High
HG01776	-21.3264	Intermediate
HG01777	-22.131599999999995	Intermediate
HG01779	-20.487700000000004	Intermediate
HG01781	-18.793500000000005	High
HG01783	-21.747300000000006	Intermediate
HG01784	-21.124600000000008	Intermediate
HG01785	-20.0212	High
HG01786	-18.8028	High
HG01789	-23.9402	Low
HG01790	-22.813099999999995	Intermediate
HG01791	-22.0089	Intermediate
HG01794	-21.0373	Intermediate
HG01795	-23.3929	Low
HG01796	-21.264000000000003	Intermediate
HG01797	-21.1005	Intermediate
HG01798	-20.3646	Intermediate
HG01799	-20.3068	High
HG01800	-22.7032	Intermediate
HG01801	-21.409900000000007	Intermediate
HG01802	-21.610899999999997	Intermediate
HG01804	-20.1179	High
HG01805	-22.927900000000005	Intermediate
HG01806	-23.118399999999998	Intermediate
HG01807	-24.4173	Low
HG01808	-21.3546	Intermediate
HG01809	-23.614500000000003	Low
HG01810	-22.807299999999994	Intermediate
HG01811	-22.1663	Intermediate
HG01812	-24.1308	Low
HG01813	-21.15340000000001	Intermediate
HG01815	-25.5546	Low
HG01816	-24.0603	Low
HG01817	-21.0717	Intermediate
HG01840	-22.0388	Intermediate
HG01841	-20.4175	Intermediate
HG01842	-21.168800000000008	Intermediate
HG01843	-21.2706	Intermediate
HG01844	-24.644900000000007	Low
HG01845	-22.397	Intermediate
HG01846	-21.6407	Intermediate
HG01847	-20.3687	Intermediate
HG01848	-20.2645	High
HG01849	-20.7435	Intermediate
HG01850	-20.3577	Intermediate
HG01851	-19.1195	High
HG01852	-21.138000000000005	Intermediate
HG01853	-24.792699999999996	Low
HG01855	-24.0415	Low
HG01857	-19.1422	High
HG01858	-22.0507	Intermediate
HG01859	-24.733000000000004	Low
HG01860	-22.216	Intermediate
HG01861	-23.20340000000001	Intermediate
HG01862	-22.4527	Intermediate
HG01863	-23.6288	Low
HG01864	-22.453500000000005	Intermediate
HG01865	-22.757200000000005	Intermediate
HG01866	-19.95490000000001	High
HG01867	-22.8994	Intermediate
HG01868	-21.3071	Intermediate
HG01869	-22.554399999999998	Intermediate
HG01870	-19.8619	High
HG01871	-20.180600000000005	High
HG01872	-20.7218	Intermediate
HG01873	-19.6748	High
HG01874	-22.353000000000005	Intermediate
HG01878	-20.7543	Intermediate
HG01879	-21.291599999999995	Intermediate
HG01880	-21.9285	Intermediate
HG01882	-22.6311	Intermediate
HG01883	-22.2994	Intermediate
HG01885	-21.04669999999999	Intermediate
HG01886	-20.883	Intermediate
HG01889	-24.047300000000003	Low
HG01890	-22.1067	Intermediate
HG01892	-22.1194	Intermediate
HG01893	-21.5742	Intermediate
HG01894	-21.1676	Intermediate
HG01896	-23.4673	Low
HG01912	-21.5665	Intermediate
HG01914	-21.518200000000004	Intermediate
HG01915	-20.1177	High
HG01917	-23.2075	Intermediate
HG01918	-22.8753	Intermediate
HG01920	-25.054900000000007	Low
HG01921	-21.23399999999999	Intermediate
HG01923	-22.1563	Intermediate
HG01924	-23.7092	Low
HG01926	-23.99130000000001	Low
HG01927	-27.12090000000001	Low
HG01932	-20.1476	High
HG01933	-21.8453	Intermediate
HG01935	-21.9094	Intermediate
HG01936	-22.41710000000001	Intermediate
HG01938	-25.111300000000004	Low
HG01939	-24.7735	Low
HG01941	-24.4209	Low
HG01942	-24.0393	Low
HG01944	-24.551	Low
HG01945	-25.018500000000003	Low
HG01947	-21.7679	Intermediate
HG01948	-22.2956	Intermediate
HG01950	-26.5482	Low
HG01951	-22.435199999999995	Intermediate
HG01953	-25.87	Low
HG01954	-21.9797	Intermediate
HG01956	-22.6251	Intermediate
HG01958	-22.4719	Intermediate
HG01961	-22.198	Intermediate
HG01965	-25.1714	Low
HG01967	-25.298	Low
HG01968	-22.8502	Intermediate
HG01970	-24.7411	Low
HG01971	-21.915299999999995	Intermediate
HG01973	-24.2697	Low
HG01974	-23.9238	Low
HG01976	-25.7484	Low
HG01977	-21.9316	Intermediate
HG01979	-25.319400000000005	Low
HG01980	-27.4731	Low
HG01982	-21.4757	Intermediate
HG01985	-22.2155	Intermediate
HG01986	-22.13340000000001	Intermediate
HG01988	-21.852200000000003	Intermediate
HG01989	-24.8868	Low
HG01990	-21.2131	Intermediate
HG01991	-25.6705	Low
HG01992	-20.636700000000005	Intermediate
HG01997	-25.1319	Low
HG02002	-23.9378	Low
HG02003	-21.3673	Intermediate
HG02006	-21.7267	Intermediate
HG02008	-22.6636	Intermediate
HG02009	-22.2305	Intermediate
HG02010	-17.459900000000005	High
HG02012	-22.61819999999999	Intermediate
HG02013	-22.250200000000003	Intermediate
HG02014	-24.0482	Low
HG02016	-23.1352	Intermediate
HG02017	-20.2165	High
HG02019	-20.0982	High
HG02020	-21.5981	Intermediate
HG02023	-23.1195	Intermediate
HG02025	-20.432600000000004	Intermediate
HG02026	-22.869	Intermediate
HG02028	-20.002	High
HG02029	-24.1635	Low
HG02031	-19.543000000000003	High
HG02032	-22.1182	Intermediate
HG02035	-19.559000000000005	High
HG02040	-21.571700000000003	Intermediate
HG02047	-24.400299999999994	Low
HG02048	-21.1146	Intermediate
HG02049	-23.3391	Low
HG02050	-22.047100000000004	Intermediate
HG02051	-23.0167	Intermediate
HG02052	-24.1081	Low
HG02053	-24.9853	Low
HG02054	-22.3205	Intermediate
HG02057	-21.7531	Intermediate
HG02058	-20.435599999999997	Intermediate
HG02060	-22.8421	Intermediate
HG02061	-25.3336	Low
HG02064	-20.4644	Intermediate
HG02067	-22.9584	Intermediate
HG02069	-20.61659999999999	Intermediate
HG02070	-21.698100000000004	Intermediate
HG02072	-20.5843	Intermediate
HG02073	-21.9167	Intermediate
HG02075	-22.4448	Intermediate
HG02076	-20.806800000000003	Intermediate
HG02078	-21.35580000000001	Intermediate
HG02079	-22.1061	Intermediate
HG02081	-21.3856	Intermediate
HG02082	-21.8185	Intermediate
HG02084	-19.4737	High
HG02085	-21.0245	Intermediate
HG02086	-21.530900000000003	Intermediate
HG02087	-26.048600000000004	Low
HG02088	-21.7396	Intermediate
HG02089	-21.4302	Intermediate
HG02090	-25.6393	Low
HG02095	-22.612499999999997	Intermediate
HG02102	-23.3458	Low
HG02104	-26.032699999999995	Low
HG02105	-26.199900000000007	Low
HG02107	-25.0091	Low
HG02108	-21.2693	Intermediate
HG02111	-20.5101	Intermediate
HG02113	-20.1536	High
HG02116	-23.1581	Intermediate
HG02121	-22.93679999999999	Intermediate
HG02122	-21.627700000000004	Intermediate
HG02127	-20.3822	Intermediate
HG02128	-21.260499999999997	Intermediate
HG02130	-21.347899999999992	Intermediate
HG02131	-23.540500000000005	Low
HG02133	-19.386199999999995	High
HG02134	-22.535000000000007	Intermediate
HG02136	-20.740900000000007	Intermediate
HG02137	-21.6937	Intermediate
HG02138	-24.416200000000007	Low
HG02139	-21.486899999999995	Intermediate
HG02140	-23.5526	Low
HG02141	-21.797899999999995	Intermediate
HG02142	-21.507300000000008	Intermediate
HG02143	-22.372899999999994	Intermediate
HG02144	-20.9896	Intermediate
HG02146	-23.450199999999995	Low
HG02147	-26.265899999999995	Low
HG02150	-22.209399999999995	Intermediate
HG02151	-23.3911	Low
HG02152	-21.8324	Intermediate
HG02153	-22.5688	Intermediate
HG02154	-21.998500000000003	Intermediate
HG02155	-21.4884	Intermediate
HG02156	-22.536300000000004	Intermediate
HG02164	-22.7142	Intermediate
HG02165	-22.978800000000003	Intermediate
HG02166	-19.419600000000003	High
HG02178	-22.1474	Intermediate
HG02179	-20.9429	Intermediate
HG02180	-22.1621	Intermediate
HG02181	-24.536200000000004	Low
HG02182	-21.061499999999995	Intermediate
HG02184	-23.3895	Low
HG02185	-21.767199999999995	Intermediate
HG02186	-21.521199999999997	Intermediate
HG02187	-23.178800000000003	Intermediate
HG02188	-21.1739	Intermediate
HG02190	-20.0091	High
HG02215	-23.4114	Low
HG02219	-20.370400000000004	Intermediate
HG02220	-24.0478	Low
HG02221	-21.8689	Intermediate
HG02223	-22.128099999999996	Intermediate
HG02224	-19.65629999999999	High
HG02230	-19.6712	High
HG02231	-22.469000000000005	Intermediate
HG02232	-22.6623	Intermediate
HG02233	-17.932199999999998	High
HG02235	-23.976	Low
HG02236	-21.75399999999999	Intermediate
HG02238	-21.27790000000001	Intermediate
HG02239	-22.8522	Intermediate
HG02250	-21.581999999999997	Intermediate
HG02252	-20.668800000000008	Intermediate
HG02253	-20.697699999999998	Intermediate
HG02255	-23.0356	Intermediate
HG02256	-21.429500000000004	Intermediate
HG02259	-23.0798	Intermediate
HG02260	-25.025100000000005	Low
HG02262	-20.636199999999995	Intermediate
HG02265	-22.5817	Intermediate
HG02266	-23.5485	Low
HG02271	-23.4492	Low
HG02272	-26.316900000000004	Low
HG02274	-24.4043	Low
HG02275	-25.275400000000005	Low
HG02277	-19.0774	High
HG02278	-24.9754	Low
HG02281	-20.5188	Intermediate
HG02282	-21.249	Intermediate
HG02283	-22.0621	Intermediate
HG02284	-20.9889	Intermediate
HG02285	-23.7162	Low
HG02286	-22.171399999999995	Intermediate
HG02291	-23.9627	Low
HG02292	-26.6275	Low
HG02298	-25.3404	Low
HG02299	-22.0006	Intermediate
HG02301	-25.2321	Low
HG02304	-23.4232	Low
HG02307	-22.360100000000003	Intermediate
HG02308	-26.0719	Low
HG02309	-23.8619	Low
HG02312	-23.203999999999997	Intermediate
HG02314	-21.747699999999995	Intermediate
HG02315	-20.300000000000004	High
HG02317	-19.6864	High
HG02318	-21.3407	Intermediate
HG02322	-23.543000000000003	Low
HG02323	-20.4383	Intermediate
HG02325	-21.7141	Intermediate
HG02330	-21.999399999999994	Intermediate
HG02332	-21.088100000000004	Intermediate
HG02334	-20.9465	Intermediate
HG02337	-22.975	Intermediate
HG02339	-25.906900000000004	Low
HG02343	-20.876600000000003	Intermediate
HG02345	-24.0262	Low
HG02348	-22.047700000000003	Intermediate
HG02351	-22.594	Intermediate
HG02353	-20.5949	Intermediate
HG02355	-21.718	Intermediate
HG02356	-20.323599999999995	High
HG02360	-21.705200000000005	Intermediate
HG02364	-25.505500000000005	Low
HG02367	-20.1464	High
HG02371	-21.129600000000003	Intermediate
HG02373	-22.8602	Intermediate
HG02374	-21.853399999999997	Intermediate
HG02375	-21.615900000000003	Intermediate
HG02379	-20.5406	Intermediate
HG02380	-19.5401	High
HG02382	-20.926100000000005	Intermediate
HG02383	-22.5621	Intermediate
HG02384	-21.007599999999996	Intermediate
HG02385	-21.0357	Intermediate
HG02386	-18.820500000000003	High
HG02389	-20.4564	Intermediate
HG02390	-19.2295	High
HG02391	-21.54030000000001	Intermediate
HG02392	-20.934	Intermediate
HG02394	-22.2001	Intermediate
HG02395	-22.5325	Intermediate
HG02396	-20.513	Intermediate
HG02397	-24.8177	Low
HG02398	-20.657599999999995	Intermediate
HG02399	-19.2097	High
HG02401	-26.0426	Low
HG02402	-22.765999999999995	Intermediate
HG02406	-23.3069	Low
HG02407	-21.94300000000001	Intermediate
HG02408	-20.983200000000004	Intermediate
HG02409	-21.9966	Intermediate
HG02410	-23.6586	Low
HG02419	-22.7585	Intermediate
HG02420	-23.02839999999999	Intermediate
HG02425	-22.7728	Intermediate
HG02427	-19.6624	High
HG02429	-21.187200000000004	Intermediate
HG02433	-18.732800000000005	High
HG02439	-23.4716	Low
HG02442	-21.3818	Intermediate
HG02445	-20.0425	High
HG02449	-20.6299	Intermediate
HG02450	-22.646399999999996	Intermediate
HG02455	-20.245899999999995	High
HG02461	-21.811200000000003	Intermediate
HG02462	-19.3151	High
HG02464	-20.5384	Intermediate
HG02465	-20.755	Intermediate
HG02470	-23.098700000000004	Intermediate
HG02471	-21.1702	Intermediate
HG02476	-20.2082	High
HG02477	-20.046700000000005	High
HG02479	-20.799800000000005	Intermediate
HG02481	-23.8633	Low
HG02484	-18.83320000000001	High
HG02485	-22.611500000000003	Intermediate
HG02489	-22.8637	Intermediate
HG02490	-23.2751	Low
HG02491	-19.5007	High
HG02493	-20.8562	Intermediate
HG02494	-18.6706	High
HG02496	-20.9505	Intermediate
HG02497	-23.77800000000001	Low
HG02501	-19.9251	High
HG02502	-21.0811	Intermediate
HG02505	-21.5066	Intermediate
HG02508	-22.6442	Intermediate
HG02511	-19.0985	High
HG02512	-23.341800000000006	Low
HG02513	-20.5763	Intermediate
HG02521	-20.0723	High
HG02522	-25.137600000000003	Low
HG02536	-22.5439	Intermediate
HG02537	-23.5893	Low
HG02541	-20.5169	Intermediate
HG02545	-23.9274	Low
HG02546	-22.4633	Intermediate
HG02549	-23.223199999999995	Intermediate
HG02554	-21.7499	Intermediate
HG02555	-23.7072	Low
HG02557	-21.109500000000004	Intermediate
HG02558	-20.668699999999998	Intermediate
HG02561	-21.5648	Intermediate
HG02562	-20.7219	Intermediate
HG02568	-19.75650000000001	High
HG02570	-23.049600000000005	Intermediate
HG02571	-19.8705	High
HG02573	-22.168199999999995	Intermediate
HG02574	-19.544500000000006	High
HG02577	-22.90590000000001	Intermediate
HG02580	-22.6781	Intermediate
HG02582	-20.6559	Intermediate
HG02583	-20.840100000000003	Intermediate
HG02585	-19.9396	High
HG02586	-22.8264	Intermediate
HG02588	-21.432300000000005	Intermediate
HG02589	-20.149100000000004	High
HG02594	-21.844400000000007	Intermediate
HG02595	-22.6773	Intermediate
HG02597	-23.038499999999992	Intermediate
HG02600	-23.0519	Intermediate
HG02601	-21.205499999999997	Intermediate
HG02603	-23.3761	Low
HG02604	-19.9227	High
HG02610	-24.1345	Low
HG02611	-21.7272	Intermediate
HG02613	-24.76890000000001	Low
HG02614	-18.8103	High
HG02620	-24.2238	Low
HG02621	-21.322199999999995	Intermediate
HG02623	-20.278899999999997	High
HG02624	-22.566900000000008	Intermediate
HG02628	-21.073600000000003	Intermediate
HG02629	-22.539800000000003	Intermediate
HG02634	-22.201100000000004	Intermediate
HG02635	-23.4689	Low
HG02642	-23.491	Low
HG02643	-24.323300000000007	Low
HG02645	-22.71710000000001	Intermediate
HG02646	-23.4983	Low
HG02648	-23.0132	Intermediate
HG02649	-21.7358	Intermediate
HG02651	-24.067699999999995	Low
HG02652	-21.446	Intermediate
HG02654	-20.271600000000003	High
HG02655	-23.5013	Low
HG02657	-22.469600000000007	Intermediate
HG02658	-25.2821	Low
HG02660	-22.3227	Intermediate
HG02661	-23.62290000000001	Low
HG02666	-18.905	High
HG02667	-21.5831	Intermediate
HG02675	-22.1079	Intermediate
HG02676	-20.40030000000001	Intermediate
HG02678	-19.3244	High
HG02679	-19.64700000000001	High
HG02681	-20.149500000000003	High
HG02682	-22.2487	Intermediate
HG02684	-23.433	Low
HG02685	-21.204300000000003	Intermediate
HG02687	-22.792500000000004	Intermediate
HG02688	-20.5083	Intermediate
HG02690	-21.78110000000001	Intermediate
HG02691	-20.9021	Intermediate
HG02694	-24.1918	Low
HG02696	-20.6736	Intermediate
HG02697	-19.3836	High
HG02699	-21.1094	Intermediate
HG02700	-21.945799999999995	Intermediate
HG02702	-20.895000000000007	Intermediate
HG02703	-20.8787	Intermediate
HG02715	-19.6122	High
HG02716	-22.661900000000003	Intermediate
HG02721	-19.5885	High
HG02722	-21.949899999999992	Intermediate
HG02724	-24.1554	Low
HG02725	-18.9676	High
HG02727	-22.1352	Intermediate
HG02728	-21.6778	Intermediate
HG02731	-23.3457	Low
HG02733	-22.2009	Intermediate
HG02734	-23.7129	Low
HG02736	-22.262100000000004	Intermediate
HG02737	-22.949600000000004	Intermediate
HG02756	-24.174000000000007	Low
HG02757	-20.206000000000003	High
HG02759	-21.3773	Intermediate
HG02760	-20.9458	Intermediate
HG02763	-19.9412	High
HG02768	-19.9081	High
HG02769	-18.876500000000007	High
HG02771	-23.2482	Intermediate
HG02772	-22.417000000000005	Intermediate
HG02774	-20.374599999999997	Intermediate
HG02775	-22.212700000000005	Intermediate
HG02778	-18.1887	High
HG02780	-20.1197	High
HG02783	-20.767800000000005	Intermediate
HG02784	-23.6481	Low
HG02786	-22.2704	Intermediate
HG02787	-21.323400000000003	Intermediate
HG02789	-21.8507	Intermediate
HG02790	-18.8065	High
HG02792	-22.106	Intermediate
HG02793	-22.2431	Intermediate
HG02798	-20.7204	Intermediate
HG02799	-18.9969	High
HG02804	-20.8946	Intermediate
HG02805	-23.499599999999997	Low
HG02807	-20.8271	Intermediate
HG02808	-19.91530000000001	High
HG02810	-19.9898	High
HG02811	-25.6759	Low
HG02813	-20.5923	Intermediate
HG02814	-19.3504	High
HG02816	-23.5211	Low
HG02817	-21.996700000000004	Intermediate
HG02819	-22.7087	Intermediate
HG02820	-25.0254	Low
HG02836	-21.2094	Intermediate
HG02837	-20.948400000000003	Intermediate
HG02839	-22.0563	Intermediate
HG02840	-21.985499999999995	Intermediate
HG02851	-21.084299999999995	Intermediate
HG02852	-24.687900000000003	Low
HG02854	-21.746499999999997	Intermediate
HG02855	-17.928400000000003	High
HG02860	-19.3255	High
HG02861	-22.8348	Intermediate
HG02870	-22.511	Intermediate
HG02878	-20.2432	High
HG02879	-21.3574	Intermediate
HG02881	-20.7353	Intermediate
HG02882	-21.65010000000001	Intermediate
HG02884	-22.239300000000004	Intermediate
HG02885	-22.113	Intermediate
HG02887	-22.5046	Intermediate
HG02888	-23.42920000000001	Low
HG02890	-20.698600000000003	Intermediate
HG02891	-25.324	Low
HG02895	-19.9713	High
HG02896	-19.6344	High
HG02922	-23.4329	Low
HG02923	-20.201500000000003	High
HG02938	-22.7857	Intermediate
HG02941	-21.4256	Intermediate
HG02943	-20.793600000000005	Intermediate
HG02944	-21.2792	Intermediate
HG02946	-22.790899999999997	Intermediate
HG02947	-20.384799999999995	Intermediate
HG02952	-22.210700000000003	Intermediate
HG02953	-22.4729	Intermediate
HG02968	-22.2212	Intermediate
HG02970	-21.2871	Intermediate
HG02971	-21.9291	Intermediate
HG02973	-22.5284	Intermediate
HG02974	-22.6739	Intermediate
HG02976	-21.631	Intermediate
HG02977	-21.1273	Intermediate
HG02979	-21.542500000000004	Intermediate
HG02981	-21.195	Intermediate
HG02982	-21.6342	Intermediate
HG02983	-20.3886	Intermediate
HG03006	-19.1372	High
HG03007	-22.39380000000001	Intermediate
HG03009	-20.203199999999995	High
HG03012	-21.53819999999999	Intermediate
HG03015	-21.365400000000008	Intermediate
HG03016	-23.186100000000003	Intermediate
HG03018	-19.6695	High
HG03019	-20.2685	High
HG03021	-21.38179999999999	Intermediate
HG03022	-24.632499999999997	Low
HG03024	-20.8293	Intermediate
HG03025	-22.6983	Intermediate
HG03027	-21.79460000000001	Intermediate
HG03028	-20.7752	Intermediate
HG03039	-21.7296	Intermediate
HG03040	-23.2037	Intermediate
HG03045	-20.573999999999995	Intermediate
HG03046	-21.9394	Intermediate
HG03048	-21.0993	Intermediate
HG03049	-21.5147	Intermediate
HG03052	-21.7069	Intermediate
HG03054	-21.385900000000003	Intermediate
HG03055	-24.2425	Low
HG03057	-21.15349999999999	Intermediate
HG03058	-21.8575	Intermediate
HG03060	-21.5847	Intermediate
HG03061	-21.2221	Intermediate
HG03063	-20.592099999999995	Intermediate
HG03064	-22.517100000000003	Intermediate
HG03066	-22.5654	Intermediate
HG03069	-21.534	Intermediate
HG03072	-20.51550000000001	Intermediate
HG03073	-21.67310000000001	Intermediate
HG03074	-21.0177	Intermediate
HG03077	-23.6885	Low
HG03078	-22.488	Intermediate
HG03079	-22.380000000000003	Intermediate
HG03081	-20.5509	Intermediate
HG03082	-20.4589	Intermediate
HG03084	-23.0177	Intermediate
HG03085	-20.54490000000001	Intermediate
HG03086	-21.782200000000003	Intermediate
HG03088	-20.538200000000003	Intermediate
HG03091	-21.48839999999999	Intermediate
HG03095	-21.737	Intermediate
HG03096	-22.8337	Intermediate
HG03097	-20.555800000000005	Intermediate
HG03099	-21.716900000000003	Intermediate
HG03100	-19.7162	High
HG03103	-23.1828	Intermediate
HG03105	-22.0152	Intermediate
HG03108	-20.4993	Intermediate
HG03109	-18.9409	High
HG03111	-20.6821	Intermediate
HG03112	-20.671299999999995	Intermediate
HG03114	-23.045	Intermediate
HG03115	-22.883000000000006	Intermediate
HG03117	-20.917	Intermediate
HG03118	-20.3444	Intermediate
HG03120	-20.2637	High
HG03121	-21.4042	Intermediate
HG03123	-22.8428	Intermediate
HG03124	-20.4896	Intermediate
HG03126	-21.9547	Intermediate
HG03127	-21.2791	Intermediate
HG03129	-24.3032	Low
HG03130	-20.7128	Intermediate
HG03132	-23.1357	Intermediate
HG03133	-22.929100000000005	Intermediate
HG03135	-21.9199	Intermediate
HG03136	-21.1898	Intermediate
HG03139	-22.864999999999995	Intermediate
HG03157	-20.3391	Intermediate
HG03159	-22.134	Intermediate
HG03160	-21.2644	Intermediate
HG03162	-20.743500000000004	Intermediate
HG03163	-21.9565	Intermediate
HG03166	-22.9938	Intermediate
HG03168	-20.0968	High
HG03169	-19.044799999999995	High
HG03172	-21.575900000000004	Intermediate
HG03175	-22.9519	Intermediate
HG03189	-21.929699999999997	Intermediate
HG03190	-21.896100000000004	Intermediate
HG03193	-20.8145	Intermediate
HG03195	-21.1197	Intermediate
HG03196	-21.7395	Intermediate
HG03198	-22.059799999999992	Intermediate
HG03199	-22.521400000000007	Intermediate
HG03202	-24.083600000000008	Low
HG03209	-22.4351	Intermediate
HG03212	-22.8132	Intermediate
HG03224	-23.55769999999999	Low
HG03225	-22.3939	Intermediate
HG03228	-22.6598	Intermediate
HG03229	-20.068600000000004	High
HG03234	-21.8038	Intermediate
HG03235	-17.4464	High
HG03237	-20.7508	Intermediate
HG03238	-20.819600000000005	Intermediate
HG03240	-22.412700000000005	Intermediate
HG03241	-21.1216	Intermediate
HG03246	-19.3963	High
HG03247	-22.1381	Intermediate
HG03258	-20.395200000000003	Intermediate
HG03259	-21.252800000000004	Intermediate
HG03265	-23.4707	Low
HG03267	-20.9011	Intermediate
HG03268	-23.0117	Intermediate
HG03270	-22.459	Intermediate
HG03271	-21.965	Intermediate
HG03279	-23.8227	Low
HG03280	-21.77490000000001	Intermediate
HG03291	-21.381900000000005	Intermediate
HG03294	-21.525900000000004	Intermediate
HG03295	-22.3656	Intermediate
HG03297	-20.028	High
HG03298	-19.483	High
HG03300	-20.7704	Intermediate
HG03301	-20.1835	High
HG03303	-21.625	Intermediate
HG03304	-23.13369999999999	Intermediate
HG03311	-23.235600000000005	Intermediate
HG03313	-19.48230000000001	High
HG03342	-21.881500000000003	Intermediate
HG03343	-21.742	Intermediate
HG03351	-21.7237	Intermediate
HG03352	-21.4652	Intermediate
HG03354	-22.0983	Intermediate
HG03363	-23.848400000000005	Low
HG03366	-22.1455	Intermediate
HG03367	-20.8001	Intermediate
HG03369	-22.870700000000006	Intermediate
HG03370	-18.4091	High
HG03372	-20.415	Intermediate
HG03376	-19.412600000000005	High
HG03378	-23.9066	Low
HG03380	-21.76	Intermediate
HG03382	-20.010900000000003	High
HG03385	-22.8021	Intermediate
HG03388	-21.7593	Intermediate
HG03391	-23.1168	Intermediate
HG03394	-22.6587	Intermediate
HG03397	-22.994000000000003	Intermediate
HG03401	-25.7126	Low
HG03410	-21.0749	Intermediate
HG03419	-21.505699999999997	Intermediate
HG03428	-21.2869	Intermediate
HG03432	-22.349999999999994	Intermediate
HG03433	-23.354299999999995	Low
HG03436	-19.8004	High
HG03437	-22.899600000000003	Intermediate
HG03439	-22.825800000000005	Intermediate
HG03442	-22.8305	Intermediate
HG03445	-20.449399999999997	Intermediate
HG03446	-21.5907	Intermediate
HG03449	-23.518400000000007	Low
HG03451	-23.5321	Low
HG03452	-25.1267	Low
HG03455	-22.4033	Intermediate
HG03457	-22.8362	Intermediate
HG03458	-20.946	Intermediate
HG03460	-17.9734	High
HG03461	-21.2309	Intermediate
HG03464	-23.2225	Intermediate
HG03469	-21.5394	Intermediate
HG03470	-22.3463	Intermediate
HG03472	-20.1764	High
HG03473	-21.367	Intermediate
HG03476	-20.830699999999997	Intermediate
HG03478	-21.1758	Intermediate
HG03479	-21.3318	Intermediate
HG03484	-21.5257	Intermediate
HG03485	-23.566600000000005	Low
HG03488	-20.508199999999995	Intermediate
HG03490	-23.619000000000003	Low
HG03491	-21.4478	Intermediate
HG03499	-20.0383	High
HG03511	-21.616399999999995	Intermediate
HG03514	-21.7971	Intermediate
HG03515	-19.8317	High
HG03517	-22.44	Intermediate
HG03518	-19.794000000000008	High
HG03520	-20.1824	High
HG03521	-20.727300000000003	Intermediate
HG03538	-19.353	High
HG03539	-21.462600000000005	Intermediate
HG03547	-21.4488	Intermediate
HG03548	-23.3657	Low
HG03556	-21.074	Intermediate
HG03557	-21.2387	Intermediate
HG03558	-19.130099999999995	High
HG03559	-21.9671	Intermediate
HG03563	-20.9981	Intermediate
HG03565	-22.6015	Intermediate
HG03567	-19.2634	High
HG03571	-21.687499999999996	Intermediate
HG03572	-23.8526	Low
HG03575	-23.970799999999997	Low
HG03577	-22.733300000000003	Intermediate
HG03578	-22.6306	Intermediate
HG03583	-20.761899999999997	Intermediate
HG03585	-22.118	Intermediate
HG03589	-21.761000000000003	Intermediate
HG03593	-21.8281	Intermediate
HG03594	-23.140500000000003	Intermediate
HG03595	-21.6166	Intermediate
HG03598	-22.44870000000001	Intermediate
HG03600	-21.8374	Intermediate
HG03603	-23.5402	Low
HG03604	-18.474499999999995	High
HG03607	-21.9191	Intermediate
HG03611	-21.101500000000005	Intermediate
HG03615	-22.0759	Intermediate
HG03616	-21.8076	Intermediate
HG03619	-18.1825	High
HG03624	-20.452700000000007	Intermediate
HG03625	-18.7667	High
HG03629	-22.3128	Intermediate
HG03631	-23.313700000000004	Low
HG03634	-19.481899999999992	High
HG03636	-19.9411	High
HG03640	-21.0826	Intermediate
HG03642	-22.847399999999997	Intermediate
HG03643	-22.123	Intermediate
HG03644	-21.2598	Intermediate
HG03645	-21.1448	Intermediate
HG03646	-21.7971	Intermediate
HG03649	-21.120100000000004	Intermediate
HG03652	-22.58890000000001	Intermediate
HG03653	-20.7163	Intermediate
HG03660	-20.5197	Intermediate
HG03663	-21.1429	Intermediate
HG03667	-22.437299999999997	Intermediate
HG03668	-21.6653	Intermediate
HG03672	-20.5398	Intermediate
HG03673	-19.2013	High
HG03679	-17.922099999999997	High
HG03680	-24.9435	Low
HG03681	-20.6847	Intermediate
HG03684	-17.1793	High
HG03685	-22.911400000000004	Intermediate
HG03686	-19.619800000000005	High
HG03687	-19.891	High
HG03689	-23.1387	Intermediate
HG03690	-21.992600000000007	Intermediate
HG03691	-19.0904	High
HG03692	-24.0789	Low
HG03693	-21.153500000000005	Intermediate
HG03694	-22.539400000000004	Intermediate
HG03695	-20.8364	Intermediate
HG03696	-20.1294	High
HG03697	-19.75960000000001	High
HG03698	-21.567400000000003	Intermediate
HG03702	-21.778899999999997	Intermediate
HG03703	-18.686499999999995	High
HG03705	-18.942400000000003	High
HG03706	-21.634	Intermediate
HG03708	-22.4268	Intermediate
HG03709	-23.605	Low
HG03711	-22.447299999999995	Intermediate
HG03713	-20.6503	Intermediate
HG03714	-18.3349	High
HG03716	-22.4934	Intermediate
HG03717	-24.5571	Low
HG03718	-21.205600000000008	Intermediate
HG03720	-21.910400000000003	Intermediate
HG03722	-21.0657	Intermediate
HG03727	-20.1307	High
HG03729	-22.747	Intermediate
HG03730	-19.5496	High
HG03731	-19.6335	High
HG03733	-21.519	Intermediate
HG03736	-21.320400000000003	Intermediate
HG03738	-21.751999999999995	Intermediate
HG03740	-21.8608	Intermediate
HG03741	-23.1424	Intermediate
HG03742	-21.886000000000003	Intermediate
HG03743	-21.2296	Intermediate
HG03744	-22.232500000000005	Intermediate
HG03745	-19.3965	High
HG03746	-19.886	High
HG03750	-19.922899999999995	High
HG03752	-23.1215	Intermediate
HG03753	-22.0367	Intermediate
HG03754	-19.8899	High
HG03755	-19.0113	High
HG03756	-18.3692	High
HG03757	-17.650900000000004	High
HG03760	-20.550999999999995	Intermediate
HG03762	-20.102100000000004	High
HG03765	-19.96850000000001	High
HG03767	-18.695899999999995	High
HG03770	-21.557699999999997	Intermediate
HG03771	-21.0935	Intermediate
HG03772	-17.867900000000002	High
HG03773	-17.9165	High
HG03774	-20.7961	Intermediate
HG03775	-19.4917	High
HG03777	-21.666000000000004	Intermediate
HG03778	-22.01960000000001	Intermediate
HG03779	-20.6919	Intermediate
HG03780	-22.437800000000003	Intermediate
HG03781	-23.531300000000005	Low
HG03782	-21.949800000000003	Intermediate
HG03784	-22.4732	Intermediate
HG03785	-21.4755	Intermediate
HG03786	-22.554700000000004	Intermediate
HG03787	-21.6334	Intermediate
HG03788	-22.7445	Intermediate
HG03789	-20.90379999999999	Intermediate
HG03790	-21.3765	Intermediate
HG03792	-20.4505	Intermediate
HG03793	-22.2999	Intermediate
HG03796	-24.70790000000001	Low
HG03800	-19.190900000000006	High
HG03802	-19.631200000000007	High
HG03803	-19.8157	High
HG03805	-21.675500000000007	Intermediate
HG03808	-19.1972	High
HG03809	-22.509	Intermediate
HG03812	-19.9506	High
HG03814	-24.213	Low
HG03815	-21.719200000000008	Intermediate
HG03817	-20.435600000000004	Intermediate
HG03821	-20.205399999999997	High
HG03823	-21.18050000000001	Intermediate
HG03824	-23.3923	Low
HG03826	-26.5407	Low
HG03829	-21.4946	Intermediate
HG03830	-23.235999999999997	Intermediate
HG03832	-24.5677	Low
HG03833	-19.873099999999997	High
HG03836	-19.466000000000005	High
HG03837	-16.9058	High
HG03838	-23.3777	Low
HG03844	-21.6226	Intermediate
HG03846	-19.5303	High
HG03848	-17.9864	High
HG03849	-18.5688	High
HG03850	-19.392900000000004	High
HG03851	-19.2507	High
HG03854	-20.5481	Intermediate
HG03856	-23.0916	Intermediate
HG03857	-19.3641	High
HG03858	-21.6719	Intermediate
HG03861	-22.5737	Intermediate
HG03862	-21.7865	Intermediate
HG03863	-22.746499999999997	Intermediate
HG03864	-19.347400000000004	High
HG03866	-18.8374	High
HG03867	-21.676700000000004	Intermediate
HG03868	-22.8612	Intermediate
HG03869	-18.3876	High
HG03870	-20.396500000000003	Intermediate
HG03871	-19.94140000000001	High
HG03872	-19.8285	High
HG03873	-21.9051	Intermediate
HG03874	-20.0926	High
HG03875	-21.3489	Intermediate
HG03882	-22.730500000000003	Intermediate
HG03884	-20.596200000000003	Intermediate
HG03885	-20.97179999999999	Intermediate
HG03886	-19.825000000000003	High
HG03887	-19.231799999999996	High
HG03888	-20.627299999999995	Intermediate
HG03890	-19.506800000000005	High
HG03894	-19.982800000000005	High
HG03895	-19.348699999999997	High
HG03896	-18.4986	High
HG03897	-19.9088	High
HG03898	-19.9083	High
HG03899	-20.577700000000007	Intermediate
HG03900	-20.8373	Intermediate
HG03902	-20.949699999999996	Intermediate
HG03905	-20.7922	Intermediate
HG03907	-21.2319	Intermediate
HG03908	-20.5439	Intermediate
HG03910	-20.7561	Intermediate
HG03911	-22.303800000000003	Intermediate
HG03913	-19.915299999999995	High
HG03914	-20.3069	High
HG03916	-23.309200000000004	Low
HG03917	-23.498100000000008	Low
HG03919	-25.4512	Low
HG03920	-21.6917	Intermediate
HG03922	-22.809600000000003	Intermediate
HG03925	-21.382	Intermediate
HG03926	-23.7889	Low
HG03928	-21.3461	Intermediate
HG03931	-20.651000000000003	Intermediate
HG03934	-26.358300000000003	Low
HG03937	-22.0311	Intermediate
HG03940	-19.2272	High
HG03941	-22.7981	Intermediate
HG03943	-21.989	Intermediate
HG03944	-19.0077	High
HG03945	-22.5339	Intermediate
HG03947	-22.5756	Intermediate
HG03949	-18.9672	High
HG03950	-21.0624	Intermediate
HG03951	-23.8012	Low
HG03953	-19.7945	High
HG03955	-22.7005	Intermediate
HG03960	-18.865100000000005	High
HG03963	-20.1567	High
HG03965	-18.3252	High
HG03967	-21.1511	Intermediate
HG03968	-20.2036	High
HG03969	-24.5322	Low
HG03971	-22.1058	Intermediate
HG03973	-21.6215	Intermediate
HG03974	-19.007500000000007	High
HG03976	-20.8831	Intermediate
HG03977	-22.182700000000004	Intermediate
HG03978	-18.9025	High
HG03985	-20.3687	Intermediate
HG03986	-22.1195	Intermediate
HG03989	-21.8308	Intermediate
HG03990	-20.6129	Intermediate
HG03991	-23.4637	Low
HG03995	-19.460799999999995	High
HG03998	-22.036500000000004	Intermediate
HG03999	-23.292399999999997	Low
HG04001	-18.162600000000005	High
HG04002	-22.646	Intermediate
HG04003	-18.926600000000004	High
HG04006	-25.4572	Low
HG04014	-17.996000000000006	High
HG04015	-22.132000000000005	Intermediate
HG04017	-21.4645	Intermediate
HG04018	-20.477100000000004	Intermediate
HG04019	-20.401300000000003	Intermediate
HG04020	-22.024400000000004	Intermediate
HG04022	-19.160699999999995	High
HG04023	-18.8634	High
HG04025	-20.791299999999996	Intermediate
HG04026	-23.978	Low
HG04029	-21.7551	Intermediate
HG04033	-21.937199999999997	Intermediate
HG04035	-21.1948	Intermediate
HG04038	-22.5224	Intermediate
HG04039	-18.3098	High
HG04042	-20.7918	Intermediate
HG04047	-19.956699999999994	High
HG04054	-20.2283	High
HG04056	-19.694000000000003	High
HG04059	-21.3478	Intermediate
HG04060	-18.862799999999996	High
HG04061	-22.491200000000006	Intermediate
HG04062	-21.478500000000004	Intermediate
HG04063	-21.4923	Intermediate
HG04070	-20.868099999999995	Intermediate
HG04075	-21.715900000000005	Intermediate
HG04076	-22.767200000000003	Intermediate
HG04080	-20.088000000000005	High
HG04090	-20.197899999999997	High
HG04093	-17.5847	High
HG04094	-22.619	Intermediate
HG04096	-19.8844	High
HG04098	-20.2207	High
HG04099	-21.3072	Intermediate
HG04100	-21.298	Intermediate
HG04106	-19.9096	High
HG04107	-19.4106	High
HG04118	-24.587000000000007	Low
HG04131	-19.4371	High
HG04134	-22.2215	Intermediate
HG04140	-22.7313	Intermediate
HG04141	-24.4598	Low
HG04144	-21.128400000000003	Intermediate
HG04146	-22.9094	Intermediate
HG04152	-20.2788	High
HG04153	-20.3061	High
HG04155	-20.7644	Intermediate
HG04156	-20.082100000000004	High
HG04158	-21.7151	Intermediate
HG04159	-21.5368	Intermediate
HG04161	-21.020099999999992	Intermediate
HG04162	-19.6268	High
HG04164	-19.5043	High
HG04171	-18.9706	High
HG04173	-23.0806	Intermediate
HG04176	-21.3253	Intermediate
HG04177	-20.126200000000004	High
HG04180	-22.015	Intermediate
HG04182	-21.052799999999998	Intermediate
HG04183	-21.9698	Intermediate
HG04185	-23.4371	Low
HG04186	-22.289200000000005	Intermediate
HG04188	-19.332700000000003	High
HG04189	-22.788799999999995	Intermediate
HG04194	-21.6982	Intermediate
HG04195	-21.660499999999995	Intermediate
HG04198	-20.887300000000003	Intermediate
HG04200	-20.11950000000001	High
HG04202	-23.073000000000004	Intermediate
HG04206	-24.2726	Low
HG04209	-19.717	High
HG04210	-24.0597	Low
HG04211	-21.3252	Intermediate
HG04212	-20.0903	High
HG04214	-19.2769	High
HG04216	-20.3651	Intermediate
HG04219	-20.9781	Intermediate
HG04222	-19.867	High
HG04225	-21.9948	Intermediate
HG04227	-21.3141	Intermediate
HG04229	-20.3156	High
HG04235	-20.2845	High
HG04238	-24.1933	Low
HG04239	-24.538100000000004	Low
NA06984	-19.6712	High
NA06985	-20.4565	Intermediate
NA06986	-23.5845	Low
NA06989	-23.5811	Low
NA06994	-23.053500000000003	Intermediate
NA07000	-21.8179	Intermediate
NA07037	-23.9119	Low
NA07048	-22.7364	Intermediate
NA07051	-24.0553	Low
NA07056	-22.2682	Intermediate
NA07347	-20.900899999999996	Intermediate
NA07357	-22.669799999999995	Intermediate
NA10847	-19.477	High
NA10851	-20.4807	Intermediate
NA11829	-25.3121	Low
NA11830	-21.411400000000004	Intermediate
NA11831	-20.1344	High
NA11832	-22.6054	Intermediate
NA11840	-22.81310000000001	Intermediate
NA11843	-24.0607	Low
NA11881	-24.523999999999997	Low
NA11892	-23.107900000000008	Intermediate
NA11893	-19.5264	High
NA11894	-18.619200000000003	High
NA11918	-19.511800000000008	High
NA11919	-20.2004	High
NA11920	-22.7862	Intermediate
NA11930	-18.9253	High
NA11931	-21.2251	Intermediate
NA11932	-19.8213	High
NA11933	-24.5447	Low
NA11992	-20.985000000000003	Intermediate
NA11994	-24.2197	Low
NA11995	-20.623	Intermediate
NA12003	-21.9949	Intermediate
NA12004	-19.84870000000001	High
NA12005	-22.8469	Intermediate
NA12006	-26.6563	Low
NA12043	-20.1791	High
NA12044	-20.640399999999996	Intermediate
NA12045	-23.346300000000006	Low
NA12046	-18.6267	High
NA12058	-22.456200000000003	Intermediate
NA12144	-24.452800000000003	Low
NA12154	-24.0976	Low
NA12155	-21.1446	Intermediate
NA12156	-23.516	Low
NA12234	-23.2389	Intermediate
NA12249	-23.4307	Low
NA12272	-22.1453	Intermediate
NA12273	-24.4252	Low
NA12275	-19.923599999999997	High
NA12282	-20.1729	High
NA12283	-21.2443	Intermediate
NA12286	-23.5342	Low
NA12287	-27.4024	Low
NA12340	-24.179900000000004	Low
NA12341	-25.146300000000007	Low
NA12342	-18.4483	High
NA12347	-27.4962	Low
NA12348	-24.136499999999995	Low
NA12383	-22.736100000000004	Intermediate
NA12399	-21.3989	Intermediate
NA12400	-23.0747	Intermediate
NA12413	-19.50200000000001	High
NA12414	-18.3964	High
NA12489	-21.7772	Intermediate
NA12546	-22.2192	Intermediate
NA12716	-19.0254	High
NA12717	-19.0249	High
NA12718	-26.4758	Low
NA12748	-24.6995	Low
NA12749	-20.453299999999995	Intermediate
NA12750	-22.6446	Intermediate
NA12751	-19.3372	High
NA12760	-19.8512	High
NA12761	-23.126	Intermediate
NA12762	-21.309	Intermediate
NA12763	-19.048600000000008	High
NA12775	-21.8406	Intermediate
NA12776	-23.331099999999992	Low
NA12777	-21.1089	Intermediate
NA12778	-22.094700000000003	Intermediate
NA12812	-24.6161	Low
NA12813	-23.663300000000003	Low
NA12814	-22.6367	Intermediate
NA12815	-23.160400000000003	Intermediate
NA12827	-22.4642	Intermediate
NA12828	-25.2726	Low
NA12829	-20.155900000000003	High
NA12830	-17.355800000000002	High
NA12842	-18.728900000000003	High
NA12843	-19.425200000000004	High
NA12872	-22.635700000000007	Intermediate
NA12873	-23.36969999999999	Low
NA12874	-23.4166	Low
NA12878	-20.632800000000003	Intermediate
NA12889	-22.253499999999995	Intermediate
NA12890	-23.969700000000003	Low
NA18486	-22.4395	Intermediate
NA18488	-19.409600000000005	High
NA18489	-23.126700000000003	Intermediate
NA18498	-23.4848	Low
NA18499	-24.1298	Low
NA18501	-22.4914	Intermediate
NA18502	-19.91	High
NA18504	-22.8479	Intermediate
NA18505	-21.3062	Intermediate
NA18507	-21.378899999999994	Intermediate
NA18508	-21.056700000000003	Intermediate
NA18510	-24.014	Low
NA18511	-22.2741	Intermediate
NA18516	-23.6252	Low
NA18517	-19.5498	High
NA18519	-21.8565	Intermediate
NA18520	-23.091199999999997	Intermediate
NA18522	-19.0481	High
NA18523	-21.694199999999995	Intermediate
NA18525	-19.86940000000001	High
NA18526	-20.8906	Intermediate
NA18528	-22.8711	Intermediate
NA18530	-22.9731	Intermediate
NA18531	-23.111600000000006	Intermediate
NA18532	-19.6403	High
NA18533	-23.133500000000005	Intermediate
NA18534	-21.5578	Intermediate
NA18535	-20.252	High
NA18536	-23.034599999999998	Intermediate
NA18537	-22.7667	Intermediate
NA18538	-24.2025	Low
NA18539	-22.298500000000004	Intermediate
NA18541	-20.9558	Intermediate
NA18542	-22.687	Intermediate
NA18543	-21.5259	Intermediate
NA18544	-22.185799999999997	Intermediate
NA18545	-20.65299999999999	Intermediate
NA18546	-22.748599999999996	Intermediate
NA18547	-22.7318	Intermediate
NA18548	-23.0372	Intermediate
NA18549	-23.5165	Low
NA18550	-22.2227	Intermediate
NA18552	-22.0346	Intermediate
NA18553	-24.128500000000003	Low
NA18555	-20.6333	Intermediate
NA18557	-21.8278	Intermediate
NA18558	-22.44	Intermediate
NA18559	-20.1622	High
NA18560	-22.9357	Intermediate
NA18561	-22.139500000000005	Intermediate
NA18562	-22.5008	Intermediate
NA18563	-21.2143	Intermediate
NA18564	-20.2844	High
NA18565	-21.4259	Intermediate
NA18566	-20.4526	Intermediate
NA18567	-21.5005	Intermediate
NA18570	-22.930000000000003	Intermediate
NA18571	-21.6373	Intermediate
NA18572	-21.2633	Intermediate
NA18573	-21.9415	Intermediate
NA18574	-23.838999999999995	Low
NA18577	-20.998600000000003	Intermediate
NA18579	-19.576600000000003	High
NA18582	-22.8123	Intermediate
NA18591	-24.8151	Low
NA18592	-23.340099999999996	Low
NA18593	-22.51170000000001	Intermediate
NA18595	-22.797	Intermediate
NA18596	-20.6479	Intermediate
NA18597	-24.127900000000004	Low
NA18599	-19.4731	High
NA18602	-23.2164	Intermediate
NA18603	-22.6731	Intermediate
NA18605	-21.828699999999998	Intermediate
NA18606	-24.945	Low
NA18608	-22.36500000000001	Intermediate
NA18609	-22.233100000000004	Intermediate
NA18610	-23.0175	Intermediate
NA18611	-24.676399999999997	Low
NA18612	-21.6194	Intermediate
NA18613	-20.4325	Intermediate
NA18614	-20.9599	Intermediate
NA18615	-25.273899999999998	Low
NA18616	-22.330600000000004	Intermediate
NA18617	-20.874	Intermediate
NA18618	-23.93780000000001	Low
NA18619	-24.6888	Low
NA18620	-21.6958	Intermediate
NA18621	-23.7431	Low
NA18622	-22.7033	Intermediate
NA18623	-20.5722	Intermediate
NA18624	-21.862199999999994	Intermediate
NA18625	-20.8075	Intermediate
NA18626	-23.9142	Low
NA18627	-22.5297	Intermediate
NA18628	-21.5415	Intermediate
NA18629	-22.8757	Intermediate
NA18630	-20.190399999999997	High
NA18631	-21.7512	Intermediate
NA18632	-20.9391	Intermediate
NA18633	-20.66589999999999	Intermediate
NA18634	-18.66220000000001	High
NA18635	-23.7881	Low
NA18636	-21.520299999999995	Intermediate
NA18637	-19.009	High
NA18638	-22.69560000000001	Intermediate
NA18639	-21.3197	Intermediate
NA18640	-22.2198	Intermediate
NA18641	-20.676500000000004	Intermediate
NA18642	-18.8708	High
NA18643	-21.2258	Intermediate
NA18644	-23.6751	Low
NA18645	-19.7082	High
NA18646	-24.205900000000003	Low
NA18647	-21.307199999999995	Intermediate
NA18648	-25.8443	Low
NA18740	-21.9198	Intermediate
NA18745	-22.9078	Intermediate
NA18747	-18.1504	High
NA18748	-19.264	High
NA18749	-20.393999999999995	Intermediate
NA18757	-21.1205	Intermediate
NA18853	-22.773099999999992	Intermediate
NA18856	-20.26570000000001	High
NA18858	-20.5402	Intermediate
NA18861	-22.346800000000005	Intermediate
NA18864	-19.967700000000004	High
NA18865	-23.1548	Intermediate
NA18867	-20.6057	Intermediate
NA18868	-22.393500000000003	Intermediate
NA18870	-24.4718	Low
NA18871	-21.4164	Intermediate
NA18873	-22.9551	Intermediate
NA18874	-19.0907	High
NA18876	-20.3673	Intermediate
NA18877	-24.041900000000005	Low
NA18878	-23.208799999999997	Intermediate
NA18879	-21.558599999999995	Intermediate
NA18881	-21.6062	Intermediate
NA18907	-21.887	Intermediate
NA18908	-20.7204	Intermediate
NA18909	-23.5895	Low
NA18910	-23.2502	Intermediate
NA18912	-21.9946	Intermediate
NA18915	-22.0668	Intermediate
NA18916	-22.385400000000004	Intermediate
NA18917	-22.905	Intermediate
NA18923	-21.1594	Intermediate
NA18924	-20.202299999999997	High
NA18933	-23.630000000000003	Low
NA18934	-22.6025	Intermediate
NA18939	-24.729399999999995	Low
NA18940	-21.2118	Intermediate
NA18941	-23.9812	Low
NA18942	-21.6468	Intermediate
NA18943	-22.72320000000001	Intermediate
NA18944	-22.6015	Intermediate
NA18945	-21.9507	Intermediate
NA18946	-23.397900000000007	Low
NA18947	-22.7111	Intermediate
NA18948	-21.321500000000004	Intermediate
NA18949	-24.2126	Low
NA18950	-20.9003	Intermediate
NA18951	-23.392	Low
NA18952	-23.76750000000001	Low
NA18953	-24.151200000000003	Low
NA18954	-22.732700000000005	Intermediate
NA18956	-23.4968	Low
NA18957	-21.7849	Intermediate
NA18959	-20.323299999999996	High
NA18960	-24.889600000000005	Low
NA18961	-24.71259999999999	Low
NA18962	-22.071100000000005	Intermediate
NA18963	-23.0399	Intermediate
NA18964	-23.7935	Low
NA18965	-23.70640000000001	Low
NA18966	-21.815499999999997	Intermediate
NA18967	-24.044300000000007	Low
NA18968	-21.1086	Intermediate
NA18969	-21.4403	Intermediate
NA18970	-24.0998	Low
NA18971	-23.3149	Low
NA18972	-21.939100000000003	Intermediate
NA18973	-20.9184	Intermediate
NA18974	-22.2744	Intermediate
NA18975	-22.931400000000004	Intermediate
NA18976	-21.674	Intermediate
NA18977	-23.7305	Low
NA18978	-22.8588	Intermediate
NA18979	-21.5683	Intermediate
NA18980	-21.5162	Intermediate
NA18981	-20.791600000000003	Intermediate
NA18982	-23.359999999999992	Low
NA18983	-20.90729999999999	Intermediate
NA18984	-22.1558	Intermediate
NA18985	-19.436	High
NA18986	-23.129800000000003	Intermediate
NA18987	-23.341399999999997	Low
NA18988	-21.1862	Intermediate
NA18989	-20.397399999999998	Intermediate
NA18990	-21.7165	Intermediate
NA18991	-22.9796	Intermediate
NA18992	-19.7876	High
NA18993	-23.5285	Low
NA18994	-24.169500000000003	Low
NA18995	-20.369	Intermediate
NA18997	-19.4533	High
NA18998	-22.5348	Intermediate
NA18999	-22.974800000000005	Intermediate
NA19000	-20.0977	High
NA19001	-21.905300000000004	Intermediate
NA19002	-21.198099999999997	Intermediate
NA19003	-25.4764	Low
NA19004	-23.041999999999994	Intermediate
NA19005	-20.8964	Intermediate
NA19006	-20.0978	High
NA19007	-20.03	High
NA19009	-21.033999999999995	Intermediate
NA19010	-22.8615	Intermediate
NA19011	-23.5361	Low
NA19012	-23.9472	Low
NA19017	-21.511799999999997	Intermediate
NA19019	-21.876	Intermediate
NA19020	-20.291100000000007	High
NA19023	-19.324300000000004	High
NA19024	-20.389000000000003	Intermediate
NA19025	-22.454	Intermediate
NA19026	-21.8579	Intermediate
NA19027	-19.5972	High
NA19028	-21.4413	Intermediate
NA19030	-21.785499999999992	Intermediate
NA19031	-20.1505	High
NA19035	-23.3031	Low
NA19036	-18.6014	High
NA19037	-23.6462	Low
NA19038	-24.2109	Low
NA19041	-20.0592	High
NA19042	-20.90040000000001	Intermediate
NA19043	-22.8362	Intermediate
NA19054	-21.270000000000003	Intermediate
NA19055	-22.8679	Intermediate
NA19056	-22.775300000000005	Intermediate
NA19057	-20.4306	Intermediate
NA19058	-20.794300000000003	Intermediate
NA19059	-20.3093	High
NA19060	-23.326100000000007	Low
NA19062	-21.15190000000001	Intermediate
NA19063	-24.0411	Low
NA19064	-21.358200000000004	Intermediate
NA19065	-21.402399999999997	Intermediate
NA19066	-22.528299999999994	Intermediate
NA19067	-21.0783	Intermediate
NA19068	-23.4446	Low
NA19070	-20.12550000000001	High
NA19072	-20.515	Intermediate
NA19074	-23.5673	Low
NA19075	-22.37410000000001	Intermediate
NA19076	-24.71240000000001	Low
NA19077	-22.523600000000005	Intermediate
NA19078	-23.4685	Low
NA19079	-23.7295	Low
NA19080	-23.804900000000004	Low
NA19081	-22.950799999999997	Intermediate
NA19082	-24.768300000000004	Low
NA19083	-22.445799999999995	Intermediate
NA19084	-21.648399999999995	Intermediate
NA19085	-24.0981	Low
NA19086	-22.6855	Intermediate
NA19087	-23.434	Low
NA19088	-20.225000000000005	High
NA19089	-19.6062	High
NA19090	-23.5987	Low
NA19091	-21.71249999999999	Intermediate
NA19092	-24.6786	Low
NA19093	-22.3812	Intermediate
NA19095	-24.0591	Low
NA19096	-22.6663	Intermediate
NA19098	-20.819000000000003	Intermediate
NA19099	-22.8078	Intermediate
NA19102	-21.7265	Intermediate
NA19107	-19.361	High
NA19108	-20.7546	Intermediate
NA19113	-22.404100000000003	Intermediate
NA19114	-23.095300000000005	Intermediate
NA19116	-22.620400000000004	Intermediate
NA19117	-21.2849	Intermediate
NA19118	-22.5288	Intermediate
NA19119	-21.1525	Intermediate
NA19121	-23.3333	Low
NA19129	-22.245	Intermediate
NA19130	-23.2848	Low
NA19131	-20.4539	Intermediate
NA19137	-22.608400000000003	Intermediate
NA19138	-24.6713	Low
NA19141	-22.948400000000003	Intermediate
NA19143	-21.41200000000001	Intermediate
NA19144	-22.460500000000003	Intermediate
NA19146	-19.9143	High
NA19147	-22.6812	Intermediate
NA19149	-22.722800000000003	Intermediate
NA19152	-21.4596	Intermediate
NA19153	-21.1815	Intermediate
NA19159	-21.642000000000003	Intermediate
NA19160	-20.815	Intermediate
NA19171	-20.714	Intermediate
NA19172	-25.0392	Low
NA19175	-22.3761	Intermediate
NA19184	-22.860399999999995	Intermediate
NA19185	-24.1666	Low
NA19189	-21.3439	Intermediate
NA19190	-20.7042	Intermediate
NA19197	-23.83130000000001	Low
NA19198	-22.5502	Intermediate
NA19200	-22.6791	Intermediate
NA19201	-18.4682	High
NA19204	-21.421800000000005	Intermediate
NA19206	-23.5991	Low
NA19207	-23.0522	Intermediate
NA19209	-21.9071	Intermediate
NA19210	-21.488700000000005	Intermediate
NA19213	-22.3432	Intermediate
NA19214	-19.091700000000003	High
NA19222	-19.9017	High
NA19223	-21.297899999999995	Intermediate
NA19225	-23.341300000000004	Low
NA19235	-21.3597	Intermediate
NA19236	-21.144899999999996	Intermediate
NA19238	-22.6067	Intermediate
NA19239	-21.90590000000001	Intermediate
NA19247	-21.4433	Intermediate
NA19248	-21.1198	Intermediate
NA19256	-21.3044	Intermediate
NA19257	-22.0744	Intermediate
NA19307	-21.8241	Intermediate
NA19308	-20.492399999999996	Intermediate
NA19309	-20.596799999999995	Intermediate
NA19310	-22.4388	Intermediate
NA19312	-20.5833	Intermediate
NA19314	-19.800300000000004	High
NA19315	-21.474499999999995	Intermediate
NA19316	-22.5082	Intermediate
NA19317	-23.389100000000003	Low
NA19318	-21.0245	Intermediate
NA19319	-19.519299999999998	High
NA19320	-19.04	High
NA19321	-19.952000000000005	High
NA19323	-20.8117	Intermediate
NA19324	-21.239600000000003	Intermediate
NA19327	-22.1634	Intermediate
NA19328	-20.499900000000004	Intermediate
NA19331	-24.2058	Low
NA19332	-22.331000000000003	Intermediate
NA19334	-22.1987	Intermediate
NA19338	-21.1628	Intermediate
NA19346	-18.9388	High
NA19347	-21.080600000000004	Intermediate
NA19350	-21.771	Intermediate
NA19351	-23.1335	Intermediate
NA19355	-21.250900000000005	Intermediate
NA19360	-21.5615	Intermediate
NA19372	-23.332099999999997	Low
NA19374	-21.9929	Intermediate
NA19375	-21.4275	Intermediate
NA19376	-21.553300000000004	Intermediate
NA19377	-22.018999999999995	Intermediate
NA19378	-21.7034	Intermediate
NA19379	-23.2995	Low
NA19380	-21.0622	Intermediate
NA19383	-22.966600000000003	Intermediate
NA19384	-21.102300000000003	Intermediate
NA19385	-21.7894	Intermediate
NA19390	-21.656900000000004	Intermediate
NA19391	-22.760600000000004	Intermediate
NA19393	-20.266400000000004	High
NA19394	-22.2275	Intermediate
NA19395	-22.713000000000005	Intermediate
NA19397	-20.7511	Intermediate
NA19399	-18.188900000000007	High
NA19401	-20.28110000000001	High
NA19403	-23.349500000000003	Low
NA19404	-20.5754	Intermediate
NA19428	-20.7696	Intermediate
NA19429	-22.5338	Intermediate
NA19430	-22.4198	Intermediate
NA19431	-20.8094	Intermediate
NA19434	-17.987600000000004	High
NA19435	-20.5686	Intermediate
NA19436	-21.9532	Intermediate
NA19437	-23.2896	Low
NA19438	-21.983400000000003	Intermediate
NA19439	-23.650900000000004	Low
NA19440	-21.402999999999995	Intermediate
NA19443	-20.228	High
NA19445	-21.771899999999995	Intermediate
NA19446	-21.120000000000005	Intermediate
NA19448	-21.257300000000004	Intermediate
NA19449	-21.476399999999995	Intermediate
NA19451	-21.8208	Intermediate
NA19452	-20.2631	High
NA19454	-17.444000000000006	High
NA19455	-18.609700000000004	High
NA19456	-22.1304	Intermediate
NA19457	-21.8499	Intermediate
NA19461	-23.423099999999994	Low
NA19462	-20.5549	Intermediate
NA19463	-21.292099999999994	Intermediate
NA19466	-21.481800000000003	Intermediate
NA19467	-20.6866	Intermediate
NA19468	-22.152600000000007	Intermediate
NA19471	-20.191900000000004	High
NA19472	-22.475500000000004	Intermediate
NA19473	-20.465100000000007	Intermediate
NA19474	-20.715100000000003	Intermediate
NA19475	-21.3472	Intermediate
NA19625	-21.8988	Intermediate
NA19648	-23.0586	Intermediate
NA19649	-22.4361	Intermediate
NA19651	-23.4462	Low
NA19652	-23.44290000000001	Low
NA19654	-25.244800000000005	Low
NA19655	-23.954699999999992	Low
NA19657	-21.6251	Intermediate
NA19658	-20.4786	Intermediate
NA19661	-21.6794	Intermediate
NA19663	-22.473500000000005	Intermediate
NA19664	-19.625200000000003	High
NA19669	-19.597	High
NA19670	-20.140200000000007	High
NA19676	-22.4536	Intermediate
NA19678	-23.0054	Intermediate
NA19679	-20.136	High
NA19681	-22.6296	Intermediate
NA19682	-23.137799999999995	Intermediate
NA19684	-21.347200000000004	Intermediate
NA19700	-21.459200000000003	Intermediate
NA19701	-24.115400000000005	Low
NA19703	-23.29470000000001	Low
NA19704	-21.733	Intermediate
NA19707	-22.829700000000003	Intermediate
NA19711	-20.877300000000005	Intermediate
NA19712	-21.7535	Intermediate
NA19713	-23.0287	Intermediate
NA19716	-19.345	High
NA19717	-25.3684	Low
NA19719	-16.6778	High
NA19720	-22.722600000000003	Intermediate
NA19722	-24.330600000000008	Low
NA19723	-24.0883	Low
NA19725	-22.18350000000001	Intermediate
NA19726	-24.847900000000006	Low
NA19728	-22.8047	Intermediate
NA19729	-24.1058	Low
NA19731	-21.8892	Intermediate
NA19732	-21.91	Intermediate
NA19734	-22.3485	Intermediate
NA19735	-18.271799999999995	High
NA19740	-22.206	Intermediate
NA19741	-20.5101	Intermediate
NA19746	-20.6249	Intermediate
NA19747	-23.521600000000007	Low
NA19749	-23.370800000000006	Low
NA19750	-19.94430000000001	High
NA19752	-25.5038	Low
NA19755	-18.7342	High
NA19756	-24.7647	Low
NA19758	-22.3703	Intermediate
NA19759	-24.7988	Low
NA19761	-22.233400000000003	Intermediate
NA19762	-24.6814	Low
NA19764	-20.3818	Intermediate
NA19770	-26.0856	Low
NA19771	-22.151499999999995	Intermediate
NA19773	-21.385700000000007	Intermediate
NA19774	-23.2062	Intermediate
NA19776	-20.4861	Intermediate
NA19777	-23.5535	Low
NA19779	-22.603500000000004	Intermediate
NA19780	-24.371	Low
NA19782	-22.219199999999997	Intermediate
NA19783	-20.014199999999995	High
NA19785	-23.129700000000003	Intermediate
NA19786	-22.7764	Intermediate
NA19788	-20.7217	Intermediate
NA19789	-22.7618	Intermediate
NA19792	-20.6846	Intermediate
NA19794	-22.66390000000001	Intermediate
NA19795	-22.3912	Intermediate
NA19818	-22.9136	Intermediate
NA19819	-22.539	Intermediate
NA19834	-20.62560000000001	Intermediate
NA19835	-19.9211	High
NA19900	-22.81479999999999	Intermediate
NA19901	-21.130700000000004	Intermediate
NA19904	-24.0605	Low
NA19908	-21.241300000000003	Intermediate
NA19909	-23.62440000000001	Low
NA19913	-23.7693	Low
NA19914	-19.2768	High
NA19916	-22.2596	Intermediate
NA19917	-20.768400000000003	Intermediate
NA19920	-21.5592	Intermediate
NA19921	-20.418699999999998	Intermediate
NA19922	-21.777500000000003	Intermediate
NA19923	-21.9492	Intermediate
NA19982	-20.9899	Intermediate
NA19984	-22.207200000000004	Intermediate
NA20126	-23.338300000000004	Low
NA20127	-20.0704	High
NA20274	-21.0571	Intermediate
NA20276	-21.4271	Intermediate
NA20278	-23.9658	Low
NA20281	-20.1969	High
NA20282	-22.8378	Intermediate
NA20287	-21.314	Intermediate
NA20289	-24.6454	Low
NA20291	-20.2498	High
NA20294	-21.8287	Intermediate
NA20296	-20.252199999999995	High
NA20298	-21.42279999999999	Intermediate
NA20299	-22.476399999999995	Intermediate
NA20314	-21.698000000000004	Intermediate
NA20317	-22.3676	Intermediate
NA20318	-24.14430000000001	Low
NA20320	-23.0184	Intermediate
NA20321	-21.671800000000005	Intermediate
NA20332	-21.663000000000004	Intermediate
NA20334	-17.618499999999994	High
NA20339	-20.773800000000005	Intermediate
NA20340	-22.3691	Intermediate
NA20342	-21.3825	Intermediate
NA20346	-20.43360000000001	Intermediate
NA20348	-21.5755	Intermediate
NA20351	-23.9617	Low
NA20355	-21.122000000000007	Intermediate
NA20356	-20.2714	High
NA20357	-23.7958	Low
NA20359	-24.5057	Low
NA20362	-24.8882	Low
NA20412	-21.07370000000001	Intermediate
NA20502	-22.346300000000003	Intermediate
NA20503	-22.6826	Intermediate
NA20504	-21.4509	Intermediate
NA20505	-21.9788	Intermediate
NA20506	-22.4502	Intermediate
NA20507	-21.233400000000003	Intermediate
NA20508	-20.675	Intermediate
NA20509	-24.048	Low
NA20510	-23.4882	Low
NA20511	-25.4312	Low
NA20512	-21.290599999999998	Intermediate
NA20513	-22.015300000000003	Intermediate
NA20514	-18.3476	High
NA20515	-19.5652	High
NA20516	-20.8707	Intermediate
NA20517	-19.19879999999999	High
NA20518	-20.39850000000001	Intermediate
NA20519	-24.084699999999994	Low
NA20520	-20.697500000000005	Intermediate
NA20521	-22.3728	Intermediate
NA20522	-23.5286	Low
NA20524	-18.527999999999995	High
NA20525	-21.0315	Intermediate
NA20527	-20.567300000000003	Intermediate
NA20528	-22.404100000000003	Intermediate
NA20529	-21.6804	Intermediate
NA20530	-24.1347	Low
NA20531	-20.7959	Intermediate
NA20532	-22.335299999999997	Intermediate
NA20533	-19.667900000000003	High
NA20534	-18.7863	High
NA20535	-21.410599999999995	Intermediate
NA20536	-21.679900000000004	Intermediate
NA20538	-22.3243	Intermediate
NA20539	-21.9685	Intermediate
NA20540	-23.180000000000007	Intermediate
NA20541	-21.04089999999999	Intermediate
NA20542	-23.5244	Low
NA20543	-19.4472	High
NA20544	-21.5173	Intermediate
NA20581	-20.798800000000004	Intermediate
NA20582	-20.518400000000003	Intermediate
NA20585	-19.75660000000001	High
NA20586	-21.4546	Intermediate
NA20587	-24.1351	Low
NA20588	-19.8789	High
NA20589	-22.61379999999999	Intermediate
NA20752	-21.8437	Intermediate
NA20753	-19.8051	High
NA20754	-19.575599999999994	High
NA20755	-19.527000000000005	High
NA20756	-22.021	Intermediate
NA20757	-21.0348	Intermediate
NA20758	-23.381400000000003	Low
NA20759	-21.159	Intermediate
NA20760	-23.1423	Intermediate
NA20761	-17.760700000000003	High
NA20762	-22.678400000000003	Intermediate
NA20763	-22.415	Intermediate
NA20764	-22.1399	Intermediate
NA20765	-24.788500000000003	Low
NA20766	-20.394000000000005	Intermediate
NA20767	-20.5692	Intermediate
NA20768	-23.22619999999999	Intermediate
NA20769	-18.714800000000004	High
NA20770	-26.903800000000004	Low
NA20771	-23.1514	Intermediate
NA20772	-23.1736	Intermediate
NA20773	-22.544100000000004	Intermediate
NA20774	-20.3423	Intermediate
NA20775	-19.55400000000001	High
NA20778	-21.5034	Intermediate
NA20783	-20.0622	High
NA20785	-23.0625	Intermediate
NA20786	-24.297500000000003	Low
NA20787	-19.194099999999995	High
NA20790	-21.7801	Intermediate
NA20792	-20.3366	High
NA20795	-21.5747	Intermediate
NA20796	-22.0966	Intermediate
NA20797	-23.157100000000007	Intermediate
NA20798	-25.25	Low
NA20799	-24.353199999999998	Low
NA20800	-22.5813	Intermediate
NA20801	-20.746	Intermediate
NA20802	-20.4775	Intermediate
NA20803	-22.2244	Intermediate
NA20804	-24.365900000000003	Low
NA20805	-22.1058	Intermediate
NA20806	-21.0285	Intermediate
NA20807	-21.5874	Intermediate
NA20808	-22.5214	Intermediate
NA20809	-22.1169	Intermediate
NA20810	-23.9614	Low
NA20811	-21.174000000000007	Intermediate
NA20812	-24.198999999999995	Low
NA20813	-25.0992	Low
NA20814	-21.6768	Intermediate
NA20815	-21.768600000000003	Intermediate
NA20818	-20.3088	High
NA20819	-23.0856	Intermediate
NA20821	-18.4262	High
NA20822	-19.6889	High
NA20826	-23.6004	Low
NA20827	-20.9908	Intermediate
NA20828	-23.845099999999995	Low
NA20832	-21.1081	Intermediate
NA20845	-22.2797	Intermediate
NA20846	-19.246500000000005	High
NA20847	-20.2268	High
NA20849	-19.8549	High
NA20850	-24.3703	Low
NA20851	-18.3708	High
NA20852	-22.419100000000004	Intermediate
NA20853	-17.734099999999998	High
NA20854	-20.879299999999997	Intermediate
NA20856	-20.5923	Intermediate
NA20858	-23.9051	Low
NA20859	-21.984500000000004	Intermediate
NA20861	-22.47809999999999	Intermediate
NA20862	-18.7273	High
NA20863	-21.4197	Intermediate
NA20864	-20.67890000000001	Intermediate
NA20866	-20.9284	Intermediate
NA20867	-20.3829	Intermediate
NA20868	-18.591499999999996	High
NA20869	-21.209200000000003	Intermediate
NA20870	-20.8144	Intermediate
NA20872	-22.150900000000004	Intermediate
NA20874	-20.53250000000001	Intermediate
NA20875	-22.9626	Intermediate
NA20876	-22.1134	Intermediate
NA20877	-20.6913	Intermediate
NA20878	-21.791600000000003	Intermediate
NA20881	-20.592899999999997	Intermediate
NA20882	-21.675	Intermediate
NA20884	-20.0559	High
NA20885	-18.739300000000007	High
NA20886	-25.0771	Low
NA20887	-21.457	Intermediate
NA20888	-22.8118	Intermediate
NA20889	-21.4787	Intermediate
NA20890	-21.7233	Intermediate
NA20891	-19.7776	High
NA20892	-20.5437	Intermediate
NA20894	-20.4769	Intermediate
NA20895	-20.3388	High
NA20896	-19.3195	High
NA20897	-22.3575	Intermediate
NA20899	-18.310400000000005	High
NA20900	-20.217	High
NA20901	-20.4769	Intermediate
NA20902	-23.051399999999997	Intermediate
NA20903	-21.819400000000005	Intermediate
NA20904	-23.8597	Low
NA20905	-21.3848	Intermediate
NA20906	-22.5651	Intermediate
NA20908	-19.7052	High
NA20910	-22.7384	Intermediate
NA20911	-22.0844	Intermediate
NA21086	-24.0461	Low
NA21087	-23.712200000000003	Low
NA21088	-22.1996	Intermediate
NA21089	-20.79469999999999	Intermediate
NA21090	-21.6904	Intermediate
NA21091	-19.6111	High
NA21092	-23.3492	Low
NA21093	-17.6918	High
NA21094	-23.3816	Low
NA21095	-21.1734	Intermediate
NA21097	-22.5605	Intermediate
NA21098	-18.804	High
NA21099	-20.33600000000001	High
NA21100	-21.8624	Intermediate
NA21101	-21.3034	Intermediate
NA21102	-19.788	High
NA21103	-22.6317	Intermediate
NA21104	-20.915399999999995	Intermediate
NA21105	-23.088400000000004	Intermediate
NA21106	-18.77330000000001	High
NA21107	-22.0498	Intermediate
NA21108	-21.135500000000004	Intermediate
NA21109	-19.901	High
NA21110	-19.3904	High
NA21111	-21.231	Intermediate
NA21112	-23.357100000000003	Low
NA21113	-21.750300000000006	Intermediate
NA21114	-23.7026	Low
NA21115	-22.0512	Intermediate
NA21116	-20.081200000000003	High
NA21117	-19.4868	High
NA21118	-22.4131	Intermediate
NA21119	-20.012299999999996	High
NA21120	-20.9577	Intermediate
NA21122	-20.759100000000004	Intermediate
NA21123	-19.789800000000003	High
NA21124	-24.077	Low
NA21125	-20.892	Intermediate
NA21126	-19.5339	High
NA21127	-19.87850000000001	High
NA21128	-19.8318	High
NA21129	-21.4201	Intermediate
NA21130	-20.5693	Intermediate
NA21133	-21.550400000000003	Intermediate
NA21135	-18.597400000000004	High
NA21137	-21.20779999999999	Intermediate
NA21141	-20.6915	Intermediate
NA21142	-17.8469	High
NA21143	-20.5915	Intermediate
NA21144	-22.4686	Intermediate
