IID	T2D_PRS	Relative_PRS_Group
HG00096	-2442.597800000001	High
HG00097	-2474.6562	Intermediate
HG00099	-2448.1238999999996	High
HG00100	-2455.2794	High
HG00101	-2438.4611999999997	High
HG00102	-2466.7490999999995	High
HG00103	-2478.0435999999995	Intermediate
HG00105	-2458.1332999999995	High
HG00106	-2469.2619000000004	High
HG00107	-2472.0277999999994	Intermediate
HG00108	-2468.4377999999992	High
HG00109	-2460.9196	High
HG00110	-2451.138499999999	High
HG00111	-2446.2934999999993	High
HG00112	-2467.9488	High
HG00113	-2459.8315999999995	High
HG00114	-2460.8738999999996	High
HG00115	-2468.5100000000007	High
HG00116	-2475.8348000000005	Intermediate
HG00117	-2438.5932	High
HG00118	-2446.2478999999994	High
HG00119	-2446.4786	High
HG00120	-2453.2962999999995	High
HG00121	-2446.7003	High
HG00122	-2466.3515	High
HG00123	-2474.7486	Intermediate
HG00125	-2488.3007000000002	Intermediate
HG00126	-2461.8565000000003	High
HG00127	-2457.1648999999998	High
HG00128	-2465.2036000000003	High
HG00129	-2479.4252000000006	Intermediate
HG00130	-2457.4402	High
HG00131	-2438.8189999999995	High
HG00132	-2475.3468	Intermediate
HG00133	-2451.2538000000004	High
HG00136	-2460.3590000000004	High
HG00137	-2451.8744	High
HG00138	-2451.4285000000004	High
HG00139	-2476.0953000000004	Intermediate
HG00140	-2434.2766000000006	High
HG00141	-2459.8972999999996	High
HG00142	-2463.8136999999997	High
HG00143	-2450.1648	High
HG00145	-2456.0594	High
HG00146	-2459.0408000000007	High
HG00148	-2441.2514000000006	High
HG00149	-2482.8697	Intermediate
HG00150	-2462.3079000000002	High
HG00151	-2468.135	High
HG00154	-2465.7382	High
HG00155	-2464.8888	High
HG00157	-2455.641899999999	High
HG00158	-2446.321	High
HG00159	-2460.2832000000003	High
HG00160	-2479.5073999999995	Intermediate
HG00171	-2446.933	High
HG00173	-2406.6862999999994	High
HG00174	-2446.5762	High
HG00176	-2412.6694	High
HG00177	-2417.6211999999996	High
HG00178	-2449.5272000000004	High
HG00179	-2461.0027999999998	High
HG00180	-2449.4067999999997	High
HG00181	-2451.9486	High
HG00182	-2424.2482	High
HG00183	-2463.9964999999993	High
HG00185	-2423.2595000000006	High
HG00186	-2419.081	High
HG00187	-2434.8960999999995	High
HG00188	-2436.4192000000003	High
HG00189	-2460.5294	High
HG00190	-2437.7432999999996	High
HG00231	-2482.0139	Intermediate
HG00232	-2481.9323999999997	Intermediate
HG00233	-2460.4912999999997	High
HG00234	-2475.6928000000003	Intermediate
HG00235	-2454.4144999999994	High
HG00236	-2460.4150999999997	High
HG00237	-2429.2700999999993	High
HG00238	-2455.2744000000002	High
HG00239	-2461.6938999999998	High
HG00240	-2438.9257999999995	High
HG00242	-2449.9354999999996	High
HG00243	-2456.5693	High
HG00244	-2459.4990999999995	High
HG00245	-2466.298100000001	High
HG00246	-2459.03	High
HG00250	-2446.7353999999996	High
HG00251	-2474.6002000000003	Intermediate
HG00252	-2468.511700000001	High
HG00253	-2475.5573	Intermediate
HG00254	-2466.7431999999994	High
HG00255	-2461.0548000000003	High
HG00256	-2487.7784999999994	Intermediate
HG00257	-2471.523000000001	High
HG00258	-2465.1869	High
HG00259	-2453.8493	High
HG00260	-2456.541	High
HG00261	-2476.743500000001	Intermediate
HG00262	-2462.3523999999998	High
HG00263	-2453.0627999999997	High
HG00264	-2458.6555000000008	High
HG00265	-2453.1752000000006	High
HG00266	-2440.6100000000006	High
HG00267	-2439.2680000000005	High
HG00268	-2460.789599999999	High
HG00269	-2449.0701999999997	High
HG00271	-2414.0582000000004	High
HG00272	-2445.1728	High
HG00273	-2430.3152999999998	High
HG00274	-2428.9586	High
HG00275	-2468.7183	High
HG00276	-2433.9399	High
HG00277	-2458.3844000000004	High
HG00278	-2427.3130000000006	High
HG00280	-2444.2626999999993	High
HG00281	-2437.1412999999993	High
HG00282	-2437.2313999999997	High
HG00284	-2453.5613	High
HG00285	-2417.3437000000004	High
HG00288	-2418.5913999999993	High
HG00290	-2417.719699999999	High
HG00304	-2441.6634000000004	High
HG00306	-2463.1883	High
HG00308	-2441.7623999999996	High
HG00309	-2433.691	High
HG00310	-2446.9909000000002	High
HG00311	-2447.9168	High
HG00313	-2440.5220000000004	High
HG00315	-2438.2827000000007	High
HG00318	-2461.1951999999997	High
HG00319	-2444.1181	High
HG00320	-2459.6546	High
HG00321	-2442.6140000000005	High
HG00323	-2434.7526	High
HG00324	-2445.1669000000006	High
HG00325	-2448.1291000000006	High
HG00326	-2438.5919000000004	High
HG00327	-2437.0171000000005	High
HG00328	-2443.4718000000003	High
HG00329	-2432.8319	High
HG00330	-2436.362	High
HG00331	-2443.3326000000006	High
HG00332	-2453.1168	High
HG00334	-2459.0392	High
HG00335	-2417.8413000000005	High
HG00336	-2437.6485	High
HG00337	-2450.2234000000003	High
HG00338	-2441.5737000000004	High
HG00339	-2471.7473999999997	High
HG00341	-2467.1515999999997	High
HG00342	-2427.6524000000004	High
HG00343	-2453.7538999999997	High
HG00344	-2485.7887	Intermediate
HG00345	-2413.4028000000008	High
HG00346	-2446.4109	High
HG00349	-2436.477299999999	High
HG00350	-2462.9599	High
HG00351	-2449.5646	High
HG00353	-2445.3086000000003	High
HG00355	-2469.7482	High
HG00356	-2427.4733	High
HG00357	-2433.4152	High
HG00358	-2408.4184	High
HG00360	-2438.896500000001	High
HG00361	-2415.4775000000004	High
HG00362	-2427.279	High
HG00364	-2416.1944000000003	High
HG00365	-2439.1503000000002	High
HG00366	-2450.1408999999994	High
HG00367	-2443.2815	High
HG00368	-2400.403899999999	High
HG00369	-2429.4360000000006	High
HG00371	-2436.1725	High
HG00372	-2451.6269	High
HG00373	-2454.2928999999995	High
HG00375	-2442.5613000000003	High
HG00376	-2417.3343999999997	High
HG00378	-2443.9621	High
HG00379	-2455.0766999999996	High
HG00380	-2449.9122000000007	High
HG00381	-2424.4913000000006	High
HG00382	-2439.8232000000007	High
HG00383	-2423.0635999999995	High
HG00384	-2447.4993000000004	High
HG00403	-2517.5161	Intermediate
HG00404	-2506.8997000000004	Intermediate
HG00406	-2526.2209000000007	Low
HG00407	-2527.9678999999996	Low
HG00409	-2517.463	Intermediate
HG00410	-2512.8654	Intermediate
HG00419	-2509.5769	Intermediate
HG00421	-2514.1316000000006	Intermediate
HG00422	-2511.6954999999994	Intermediate
HG00428	-2527.6391	Low
HG00436	-2516.9379000000013	Intermediate
HG00437	-2513.3714999999997	Intermediate
HG00442	-2520.9864000000002	Intermediate
HG00443	-2528.0147	Low
HG00445	-2523.1082000000006	Intermediate
HG00446	-2508.1154	Intermediate
HG00448	-2525.3466	Low
HG00449	-2522.5547	Intermediate
HG00451	-2508.5173	Intermediate
HG00452	-2518.2958000000003	Intermediate
HG00457	-2516.023	Intermediate
HG00458	-2511.7256000000007	Intermediate
HG00463	-2512.1676	Intermediate
HG00464	-2505.647200000001	Intermediate
HG00472	-2518.4849	Intermediate
HG00473	-2523.7168	Intermediate
HG00475	-2520.3934000000004	Intermediate
HG00476	-2518.1533	Intermediate
HG00478	-2523.6085	Intermediate
HG00479	-2513.2857	Intermediate
HG00500	-2517.2958000000003	Intermediate
HG00513	-2505.6577999999995	Intermediate
HG00524	-2519.8219000000004	Intermediate
HG00525	-2525.0284	Intermediate
HG00530	-2527.3421	Low
HG00531	-2512.3360000000002	Intermediate
HG00533	-2523.9057000000003	Intermediate
HG00534	-2509.4505999999997	Intermediate
HG00536	-2519.9298000000003	Intermediate
HG00537	-2522.0664000000006	Intermediate
HG00542	-2521.8219	Intermediate
HG00543	-2517.2503	Intermediate
HG00551	-2475.7391000000007	Intermediate
HG00553	-2464.8328	High
HG00554	-2476.2967000000003	Intermediate
HG00556	-2521.7834000000003	Intermediate
HG00557	-2517.7101	Intermediate
HG00559	-2517.8909000000003	Intermediate
HG00560	-2522.222899999999	Intermediate
HG00565	-2512.9489000000003	Intermediate
HG00566	-2512.778	Intermediate
HG00580	-2531.5496999999996	Low
HG00581	-2509.8964000000014	Intermediate
HG00583	-2519.9919000000004	Intermediate
HG00584	-2516.8286000000007	Intermediate
HG00589	-2518.981900000001	Intermediate
HG00590	-2510.3146	Intermediate
HG00592	-2514.4771999999994	Intermediate
HG00593	-2535.6454	Low
HG00595	-2514.9006999999997	Intermediate
HG00596	-2518.6027999999997	Intermediate
HG00598	-2523.4892	Intermediate
HG00599	-2514.1722000000004	Intermediate
HG00607	-2516.1551	Intermediate
HG00608	-2523.7422	Intermediate
HG00610	-2521.3692999999994	Intermediate
HG00611	-2505.7238000000007	Intermediate
HG00613	-2519.8451000000005	Intermediate
HG00614	-2513.8737	Intermediate
HG00619	-2516.38	Intermediate
HG00620	-2517.2373	Intermediate
HG00622	-2531.276400000001	Low
HG00623	-2503.2206000000006	Intermediate
HG00625	-2522.5073999999995	Intermediate
HG00626	-2511.0335	Intermediate
HG00628	-2511.2286	Intermediate
HG00629	-2518.8003000000003	Intermediate
HG00631	-2515.1454	Intermediate
HG00632	-2512.0798999999997	Intermediate
HG00634	-2526.166	Low
HG00637	-2474.0350999999996	Intermediate
HG00638	-2479.9208999999996	Intermediate
HG00640	-2470.4681	High
HG00641	-2483.3809999999994	Intermediate
HG00650	-2516.074600000001	Intermediate
HG00651	-2523.8247	Intermediate
HG00653	-2523.332500000001	Intermediate
HG00654	-2522.7317000000007	Intermediate
HG00656	-2505.7068	Intermediate
HG00657	-2528.1326	Low
HG00662	-2515.7134000000005	Intermediate
HG00663	-2510.9769	Intermediate
HG00671	-2530.0303	Low
HG00672	-2518.2201	Intermediate
HG00674	-2522.1448000000005	Intermediate
HG00675	-2517.0081	Intermediate
HG00683	-2510.4044000000004	Intermediate
HG00684	-2518.1890000000008	Intermediate
HG00689	-2509.5218999999997	Intermediate
HG00690	-2520.4810000000007	Intermediate
HG00692	-2522.2257000000004	Intermediate
HG00693	-2525.5227	Low
HG00698	-2523.8816999999995	Intermediate
HG00699	-2511.1686999999997	Intermediate
HG00701	-2516.5937999999996	Intermediate
HG00704	-2521.0411000000004	Intermediate
HG00705	-2510.3367999999996	Intermediate
HG00707	-2522.8038000000006	Intermediate
HG00708	-2510.4057000000003	Intermediate
HG00717	-2518.6666999999993	Intermediate
HG00728	-2525.427	Low
HG00729	-2512.4197	Intermediate
HG00731	-2453.6688000000004	High
HG00732	-2450.5059999999994	High
HG00734	-2495.9792999999995	Intermediate
HG00736	-2472.2775999999994	Intermediate
HG00737	-2464.8719	High
HG00739	-2462.2886999999996	High
HG00740	-2489.371400000001	Intermediate
HG00742	-2473.4094999999998	Intermediate
HG00743	-2481.581800000001	Intermediate
HG00759	-2516.1743	Intermediate
HG00766	-2518.5087999999996	Intermediate
HG00844	-2519.197599999999	Intermediate
HG00851	-2520.2231999999995	Intermediate
HG00864	-2523.7138999999993	Intermediate
HG00867	-2522.2041999999997	Intermediate
HG00879	-2521.9347	Intermediate
HG00881	-2516.3483000000006	Intermediate
HG00956	-2518.1401	Intermediate
HG00978	-2509.9873000000002	Intermediate
HG00982	-2522.5977	Intermediate
HG01028	-2521.9411	Intermediate
HG01029	-2526.4152	Low
HG01031	-2524.4025	Intermediate
HG01046	-2513.856399999999	Intermediate
HG01047	-2460.6057	High
HG01048	-2465.0816000000004	High
HG01049	-2494.6085999999996	Intermediate
HG01051	-2472.5192999999995	Intermediate
HG01052	-2478.2791	Intermediate
HG01054	-2449.3347999999996	High
HG01055	-2482.6708999999996	Intermediate
HG01058	-2458.5374	High
HG01060	-2464.4037000000003	High
HG01061	-2458.9786999999997	High
HG01063	-2501.3111999999996	Intermediate
HG01064	-2464.9981000000007	High
HG01066	-2489.0807999999997	Intermediate
HG01067	-2478.6861000000004	Intermediate
HG01069	-2469.4009000000005	High
HG01070	-2467.7661	High
HG01072	-2466.5474000000004	High
HG01073	-2471.906	Intermediate
HG01075	-2463.770300000001	High
HG01077	-2494.9651000000003	Intermediate
HG01079	-2467.7603	High
HG01080	-2471.6476999999995	High
HG01082	-2482.172600000001	Intermediate
HG01083	-2465.5238	High
HG01085	-2473.1046	Intermediate
HG01086	-2469.1953000000008	High
HG01088	-2470.1961000000006	High
HG01089	-2467.8190000000004	High
HG01092	-2491.5889000000016	Intermediate
HG01094	-2471.7211000000007	High
HG01095	-2478.859799999999	Intermediate
HG01097	-2471.901	Intermediate
HG01098	-2464.2615	High
HG01101	-2478.0016000000014	Intermediate
HG01102	-2471.7954999999997	Intermediate
HG01104	-2471.9429999999998	Intermediate
HG01105	-2491.3673000000003	Intermediate
HG01107	-2480.996600000001	Intermediate
HG01108	-2500.8775999999993	Intermediate
HG01110	-2481.4681000000005	Intermediate
HG01111	-2473.0812000000005	Intermediate
HG01112	-2483.0153000000005	Intermediate
HG01113	-2497.1645	Intermediate
HG01119	-2479.5125	Intermediate
HG01121	-2478.1498	Intermediate
HG01122	-2476.0615000000003	Intermediate
HG01124	-2490.2827000000007	Intermediate
HG01125	-2479.1254999999996	Intermediate
HG01130	-2473.1639	Intermediate
HG01131	-2476.426999999999	Intermediate
HG01133	-2466.5257000000006	High
HG01134	-2467.4067	High
HG01136	-2492.484900000001	Intermediate
HG01137	-2488.0696000000003	Intermediate
HG01139	-2469.4389	High
HG01140	-2480.3588	Intermediate
HG01142	-2508.5541	Intermediate
HG01148	-2469.3771	High
HG01149	-2495.8442000000005	Intermediate
HG01161	-2503.2788000000005	Intermediate
HG01162	-2455.4691	High
HG01164	-2482.5189	Intermediate
HG01167	-2479.5740000000005	Intermediate
HG01168	-2481.2951	Intermediate
HG01170	-2471.6394	High
HG01171	-2473.7463000000002	Intermediate
HG01173	-2477.195	Intermediate
HG01174	-2454.5024000000003	High
HG01176	-2477.5267	Intermediate
HG01177	-2463.9844000000003	High
HG01182	-2481.2607	Intermediate
HG01183	-2470.1882	High
HG01187	-2467.5884	High
HG01188	-2486.4004	Intermediate
HG01190	-2468.7615	High
HG01191	-2471.7311000000004	High
HG01197	-2485.213	Intermediate
HG01198	-2471.0395999999996	High
HG01200	-2456.0042	High
HG01204	-2462.7558000000004	High
HG01205	-2468.9653	High
HG01241	-2514.8086999999996	Intermediate
HG01242	-2505.9139000000014	Intermediate
HG01247	-2486.3976	Intermediate
HG01248	-2466.8665	High
HG01250	-2471.6555999999996	High
HG01251	-2477.0479000000005	Intermediate
HG01253	-2475.5552999999995	Intermediate
HG01254	-2493.024900000001	Intermediate
HG01256	-2476.6166000000003	Intermediate
HG01257	-2469.2168	High
HG01259	-2473.4700000000003	Intermediate
HG01260	-2475.6946000000003	Intermediate
HG01269	-2474.4800000000005	Intermediate
HG01271	-2470.4771000000005	High
HG01272	-2491.8098999999997	Intermediate
HG01275	-2455.5325999999995	High
HG01277	-2477.8633999999997	Intermediate
HG01280	-2487.5860000000002	Intermediate
HG01281	-2469.561	High
HG01284	-2485.773	Intermediate
HG01286	-2456.2875999999997	High
HG01302	-2487.3474	Intermediate
HG01303	-2476.1073000000006	Intermediate
HG01305	-2469.6268	High
HG01308	-2473.6628999999994	Intermediate
HG01311	-2476.8246	Intermediate
HG01312	-2490.778	Intermediate
HG01323	-2464.5411999999997	High
HG01325	-2504.7551999999996	Intermediate
HG01326	-2474.5988	Intermediate
HG01334	-2463.9247	High
HG01341	-2466.5121	High
HG01342	-2513.5089	Intermediate
HG01344	-2488.9321	Intermediate
HG01345	-2459.5773999999997	High
HG01348	-2457.0479	High
HG01350	-2468.2582	High
HG01351	-2476.5822999999996	Intermediate
HG01353	-2488.7211999999995	Intermediate
HG01354	-2475.2796999999996	Intermediate
HG01356	-2486.2025	Intermediate
HG01357	-2465.8619999999996	High
HG01359	-2474.8569	Intermediate
HG01360	-2471.0521	High
HG01362	-2484.581100000001	Intermediate
HG01363	-2496.6081	Intermediate
HG01365	-2493.289300000001	Intermediate
HG01366	-2485.1176000000005	Intermediate
HG01369	-2482.1565999999993	Intermediate
HG01372	-2479.4735	Intermediate
HG01374	-2482.7432999999996	Intermediate
HG01375	-2483.9384000000005	Intermediate
HG01377	-2476.4203999999995	Intermediate
HG01378	-2479.4105999999992	Intermediate
HG01383	-2479.0286999999994	Intermediate
HG01384	-2472.4964999999997	Intermediate
HG01389	-2459.0000999999993	High
HG01390	-2486.2853	Intermediate
HG01392	-2484.4094000000005	Intermediate
HG01393	-2475.2182	Intermediate
HG01395	-2469.2032000000004	High
HG01396	-2481.3743999999997	Intermediate
HG01398	-2479.3358	Intermediate
HG01402	-2465.407600000001	High
HG01403	-2458.9309000000007	High
HG01405	-2464.9640000000004	High
HG01412	-2487.906799999999	Intermediate
HG01413	-2495.664099999999	Intermediate
HG01414	-2476.9757999999997	Intermediate
HG01431	-2480.104300000001	Intermediate
HG01432	-2470.6857999999997	High
HG01435	-2484.0232999999994	Intermediate
HG01437	-2467.5400999999997	High
HG01438	-2483.3931000000002	Intermediate
HG01440	-2482.9782000000005	Intermediate
HG01441	-2472.9316000000003	Intermediate
HG01443	-2491.7195000000006	Intermediate
HG01444	-2486.1282999999994	Intermediate
HG01447	-2486.2299000000003	Intermediate
HG01455	-2479.9726	Intermediate
HG01456	-2493.3319999999994	Intermediate
HG01459	-2479.5759999999996	Intermediate
HG01461	-2474.7956	Intermediate
HG01462	-2477.1085999999996	Intermediate
HG01464	-2475.7058	Intermediate
HG01465	-2467.8286	High
HG01468	-2482.6854000000008	Intermediate
HG01474	-2475.9040999999997	Intermediate
HG01479	-2468.9447	High
HG01485	-2486.8803000000003	Intermediate
HG01486	-2487.2398999999996	Intermediate
HG01488	-2476.3936	Intermediate
HG01489	-2482.7844000000005	Intermediate
HG01491	-2495.736100000001	Intermediate
HG01492	-2492.9557999999997	Intermediate
HG01494	-2494.5584000000003	Intermediate
HG01495	-2496.4671999999996	Intermediate
HG01497	-2493.1567999999997	Intermediate
HG01498	-2474.6817000000005	Intermediate
HG01500	-2458.0458000000003	High
HG01501	-2476.950399999999	Intermediate
HG01503	-2470.1703	High
HG01504	-2439.6986	High
HG01506	-2450.3520000000003	High
HG01507	-2437.1371999999997	High
HG01509	-2443.744800000001	High
HG01510	-2466.466999999999	High
HG01512	-2446.8500999999997	High
HG01513	-2460.2040999999995	High
HG01515	-2480.0211	Intermediate
HG01516	-2472.9446000000003	Intermediate
HG01518	-2469.8183	High
HG01519	-2462.8696	High
HG01521	-2465.5792	High
HG01522	-2455.161	High
HG01524	-2437.3109999999997	High
HG01525	-2446.727499999999	High
HG01527	-2449.3193000000006	High
HG01528	-2453.8223000000003	High
HG01530	-2455.0341	High
HG01531	-2476.484	Intermediate
HG01536	-2440.6442	High
HG01537	-2448.0565	High
HG01550	-2468.4719000000005	High
HG01551	-2500.2832000000003	Intermediate
HG01556	-2493.7175999999995	Intermediate
HG01565	-2497.5348999999997	Intermediate
HG01566	-2479.475299999999	Intermediate
HG01571	-2484.3990999999996	Intermediate
HG01572	-2488.8979999999997	Intermediate
HG01577	-2469.7779000000005	High
HG01578	-2480.6797	Intermediate
HG01583	-2493.546799999999	Intermediate
HG01586	-2493.3475999999996	Intermediate
HG01589	-2497.5418999999993	Intermediate
HG01593	-2486.8183	Intermediate
HG01595	-2527.7099	Low
HG01596	-2522.1289999999995	Intermediate
HG01597	-2516.8607	Intermediate
HG01598	-2520.5556999999994	Intermediate
HG01599	-2527.8672	Low
HG01600	-2522.6239	Intermediate
HG01602	-2468.5200999999997	High
HG01603	-2451.7025999999996	High
HG01605	-2475.0225	Intermediate
HG01606	-2454.7896	High
HG01607	-2479.5738000000006	Intermediate
HG01608	-2454.4781	High
HG01610	-2457.9022	High
HG01612	-2452.9670999999994	High
HG01613	-2467.7266999999997	High
HG01615	-2464.4565	High
HG01617	-2459.0706	High
HG01618	-2465.7889999999993	High
HG01619	-2472.8511000000003	Intermediate
HG01620	-2455.5878	High
HG01623	-2467.4315	High
HG01624	-2455.6438	High
HG01625	-2443.5989	High
HG01626	-2471.9865000000004	Intermediate
HG01628	-2474.1883	Intermediate
HG01630	-2472.0027000000005	Intermediate
HG01631	-2467.193799999999	High
HG01632	-2477.2163000000005	Intermediate
HG01668	-2444.2156999999997	High
HG01669	-2446.5875000000005	High
HG01670	-2473.3555	Intermediate
HG01672	-2455.7655000000004	High
HG01673	-2447.9722	High
HG01675	-2459.229600000001	High
HG01676	-2457.9635000000007	High
HG01678	-2474.0589	Intermediate
HG01679	-2452.4781999999996	High
HG01680	-2451.9494	High
HG01682	-2456.7043000000003	High
HG01684	-2441.3896999999997	High
HG01685	-2464.1315999999997	High
HG01686	-2478.9021999999995	Intermediate
HG01694	-2469.3067999999994	High
HG01695	-2462.756299999999	High
HG01697	-2458.646100000001	High
HG01699	-2470.5735999999997	High
HG01700	-2452.8542	High
HG01702	-2461.7401000000004	High
HG01704	-2447.3302000000003	High
HG01705	-2454.3346	High
HG01707	-2464.2653	High
HG01708	-2465.3823	High
HG01709	-2457.221699999999	High
HG01710	-2464.6240999999995	High
HG01746	-2466.9821	High
HG01747	-2480.4299999999994	Intermediate
HG01756	-2453.1150000000002	High
HG01757	-2473.0278000000003	Intermediate
HG01761	-2468.9475000000007	High
HG01762	-2454.0788	High
HG01765	-2465.4211999999993	High
HG01766	-2490.8271999999993	Intermediate
HG01767	-2470.1331	High
HG01768	-2453.736700000001	High
HG01770	-2459.132	High
HG01771	-2468.4455	High
HG01773	-2442.2428000000004	High
HG01775	-2477.1182000000003	Intermediate
HG01776	-2442.9153999999994	High
HG01777	-2456.3266999999996	High
HG01779	-2429.0375999999997	High
HG01781	-2450.817	High
HG01783	-2471.2743000000005	High
HG01784	-2468.2704	High
HG01785	-2460.9066000000003	High
HG01786	-2464.7437	High
HG01789	-2459.8907	High
HG01790	-2461.0793	High
HG01791	-2464.477	High
HG01794	-2523.106	Intermediate
HG01795	-2528.3583000000003	Low
HG01796	-2513.048500000001	Intermediate
HG01797	-2518.0407	Intermediate
HG01798	-2527.1866	Low
HG01799	-2522.3081999999995	Intermediate
HG01800	-2517.0767000000005	Intermediate
HG01801	-2514.0678	Intermediate
HG01802	-2525.9884	Low
HG01804	-2510.8598000000006	Intermediate
HG01805	-2515.8925999999997	Intermediate
HG01806	-2521.4923	Intermediate
HG01807	-2519.2007000000003	Intermediate
HG01808	-2517.4656	Intermediate
HG01809	-2515.8652000000006	Intermediate
HG01810	-2518.8228000000004	Intermediate
HG01811	-2508.8764000000006	Intermediate
HG01812	-2522.5571	Intermediate
HG01813	-2516.6459999999997	Intermediate
HG01815	-2516.6218000000003	Intermediate
HG01816	-2528.2597	Low
HG01817	-2516.8282999999988	Intermediate
HG01840	-2523.0514999999996	Intermediate
HG01841	-2526.2178	Low
HG01842	-2516.8158	Intermediate
HG01843	-2513.7666	Intermediate
HG01844	-2517.7427000000002	Intermediate
HG01845	-2520.7848000000004	Intermediate
HG01846	-2529.598	Low
HG01847	-2520.9897000000005	Intermediate
HG01848	-2521.2983000000004	Intermediate
HG01849	-2525.1411	Intermediate
HG01850	-2518.0824999999995	Intermediate
HG01851	-2529.180399999999	Low
HG01852	-2522.9543	Intermediate
HG01853	-2521.785	Intermediate
HG01855	-2526.2463	Low
HG01857	-2506.3682	Intermediate
HG01858	-2511.2538999999997	Intermediate
HG01859	-2516.3831999999998	Intermediate
HG01860	-2524.6808	Intermediate
HG01861	-2523.2767000000003	Intermediate
HG01862	-2513.2175	Intermediate
HG01863	-2529.7692	Low
HG01864	-2517.2432	Intermediate
HG01865	-2517.0476	Intermediate
HG01866	-2516.3534	Intermediate
HG01867	-2527.7296999999994	Low
HG01868	-2512.1898999999994	Intermediate
HG01869	-2512.1878	Intermediate
HG01870	-2524.3557000000005	Intermediate
HG01871	-2523.6547000000005	Intermediate
HG01872	-2516.8310999999994	Intermediate
HG01873	-2526.6924999999997	Low
HG01874	-2525.8753000000006	Low
HG01878	-2524.1284000000005	Intermediate
HG01879	-2515.9624	Intermediate
HG01880	-2516.9466	Intermediate
HG01882	-2531.3556000000003	Low
HG01883	-2527.9490000000005	Low
HG01885	-2534.7932999999994	Low
HG01886	-2527.6408000000006	Low
HG01889	-2518.7024000000006	Intermediate
HG01890	-2530.550999999999	Low
HG01892	-2497.2627999999995	Intermediate
HG01893	-2479.3573	Intermediate
HG01894	-2519.4665	Intermediate
HG01896	-2524.9979	Intermediate
HG01912	-2531.2735000000002	Low
HG01914	-2522.593800000001	Intermediate
HG01915	-2520.9401000000003	Intermediate
HG01917	-2494.2030999999997	Intermediate
HG01918	-2485.3318000000004	Intermediate
HG01920	-2494.7718999999997	Intermediate
HG01921	-2489.7891999999997	Intermediate
HG01923	-2509.6578999999997	Intermediate
HG01924	-2494.2567000000004	Intermediate
HG01926	-2496.3558999999996	Intermediate
HG01927	-2495.264	Intermediate
HG01932	-2476.9073000000008	Intermediate
HG01933	-2511.339899999999	Intermediate
HG01935	-2484.1232999999997	Intermediate
HG01936	-2470.8206	High
HG01938	-2500.5717000000004	Intermediate
HG01939	-2490.5037	Intermediate
HG01941	-2502.9637999999995	Intermediate
HG01942	-2489.642800000001	Intermediate
HG01944	-2505.8342999999995	Intermediate
HG01945	-2499.9878999999996	Intermediate
HG01947	-2484.8806000000004	Intermediate
HG01948	-2493.3757999999993	Intermediate
HG01950	-2481.7925	Intermediate
HG01951	-2499.2196	Intermediate
HG01953	-2508.6829000000002	Intermediate
HG01954	-2489.9959000000003	Intermediate
HG01956	-2520.4616	Intermediate
HG01958	-2526.9138000000003	Low
HG01961	-2504.1936	Intermediate
HG01965	-2493.730699999999	Intermediate
HG01967	-2478.6181	Intermediate
HG01968	-2497.5956	Intermediate
HG01970	-2486.6321	Intermediate
HG01971	-2492.8687999999993	Intermediate
HG01973	-2486.4683999999997	Intermediate
HG01974	-2506.3538	Intermediate
HG01976	-2489.2474	Intermediate
HG01977	-2477.318399999999	Intermediate
HG01979	-2492.0389	Intermediate
HG01980	-2496.7331	Intermediate
HG01982	-2478.0605	Intermediate
HG01985	-2525.7107	Low
HG01986	-2516.2808	Intermediate
HG01988	-2503.4876999999997	Intermediate
HG01989	-2511.2286999999997	Intermediate
HG01990	-2524.1338	Intermediate
HG01991	-2491.6739000000007	Intermediate
HG01992	-2494.9514999999997	Intermediate
HG01997	-2481.8606	Intermediate
HG02002	-2481.9375	Intermediate
HG02003	-2482.0203000000006	Intermediate
HG02006	-2497.2718	Intermediate
HG02008	-2492.1169999999997	Intermediate
HG02009	-2519.6055999999994	Intermediate
HG02010	-2514.9959	Intermediate
HG02012	-2519.7266999999997	Intermediate
HG02013	-2533.0198000000005	Low
HG02014	-2522.1045000000004	Intermediate
HG02016	-2506.1493	Intermediate
HG02017	-2517.1224000000007	Intermediate
HG02019	-2521.0336	Intermediate
HG02020	-2512.2661999999996	Intermediate
HG02023	-2515.0975999999996	Intermediate
HG02025	-2515.0433	Intermediate
HG02026	-2517.7959	Intermediate
HG02028	-2514.2248999999997	Intermediate
HG02029	-2507.4045999999994	Intermediate
HG02031	-2519.9035000000003	Intermediate
HG02032	-2511.5987999999998	Intermediate
HG02035	-2520.5212	Intermediate
HG02040	-2512.8933	Intermediate
HG02047	-2517.7539999999995	Intermediate
HG02048	-2515.1911	Intermediate
HG02049	-2519.881299999999	Intermediate
HG02050	-2520.6614	Intermediate
HG02051	-2529.1269	Low
HG02052	-2531.623400000001	Low
HG02053	-2517.2434	Intermediate
HG02054	-2526.072900000001	Low
HG02057	-2522.6894999999995	Intermediate
HG02058	-2519.4871	Intermediate
HG02060	-2517.4143	Intermediate
HG02061	-2516.1221999999993	Intermediate
HG02064	-2522.3596	Intermediate
HG02067	-2543.1962000000003	Low
HG02069	-2528.7499000000003	Low
HG02070	-2527.6989000000003	Low
HG02072	-2523.0219	Intermediate
HG02073	-2510.5669	Intermediate
HG02075	-2507.4778	Intermediate
HG02076	-2504.1355999999996	Intermediate
HG02078	-2521.5326999999993	Intermediate
HG02079	-2522.494000000001	Intermediate
HG02081	-2520.3921000000005	Intermediate
HG02082	-2521.5781000000006	Intermediate
HG02084	-2504.3395999999993	Intermediate
HG02085	-2523.2105999999994	Intermediate
HG02086	-2516.4499	Intermediate
HG02087	-2514.7214999999997	Intermediate
HG02088	-2518.3307999999997	Intermediate
HG02089	-2502.6847	Intermediate
HG02090	-2484.4006999999997	Intermediate
HG02095	-2522.9318000000003	Intermediate
HG02102	-2480.3921	Intermediate
HG02104	-2501.386300000001	Intermediate
HG02105	-2486.9586999999997	Intermediate
HG02107	-2518.7423000000003	Intermediate
HG02108	-2512.1170999999995	Intermediate
HG02111	-2524.8692999999994	Intermediate
HG02113	-2528.3694	Low
HG02116	-2519.0397999999996	Intermediate
HG02121	-2525.4799000000003	Low
HG02122	-2528.0171999999993	Low
HG02127	-2525.8936	Low
HG02128	-2521.9011	Intermediate
HG02130	-2518.8151	Intermediate
HG02131	-2520.0754	Intermediate
HG02133	-2528.0223999999994	Low
HG02134	-2513.3976	Intermediate
HG02136	-2533.491699999999	Low
HG02137	-2522.3262999999997	Intermediate
HG02138	-2518.5930000000003	Intermediate
HG02139	-2505.2772000000004	Intermediate
HG02140	-2525.3626	Low
HG02141	-2505.9883000000004	Intermediate
HG02142	-2519.7985000000003	Intermediate
HG02143	-2533.6772	Low
HG02144	-2523.2745	Intermediate
HG02146	-2485.0568999999996	Intermediate
HG02147	-2497.0832	Intermediate
HG02150	-2485.9898000000003	Intermediate
HG02151	-2517.7448	Intermediate
HG02152	-2517.7695999999996	Intermediate
HG02153	-2520.3066	Intermediate
HG02154	-2519.5636999999997	Intermediate
HG02155	-2513.2623	Intermediate
HG02156	-2522.2637	Intermediate
HG02164	-2512.5500000000006	Intermediate
HG02165	-2522.9749999999995	Intermediate
HG02166	-2521.3851999999997	Intermediate
HG02178	-2519.5206	Intermediate
HG02179	-2519.0001	Intermediate
HG02180	-2514.9750999999997	Intermediate
HG02181	-2515.6344999999997	Intermediate
HG02182	-2520.1846	Intermediate
HG02184	-2514.6355999999996	Intermediate
HG02185	-2513.7147	Intermediate
HG02186	-2518.379899999999	Intermediate
HG02187	-2517.9129999999996	Intermediate
HG02188	-2516.6931000000004	Intermediate
HG02190	-2523.030299999999	Intermediate
HG02215	-2451.1260999999995	High
HG02219	-2466.06	High
HG02220	-2458.3683999999994	High
HG02221	-2449.5111	High
HG02223	-2470.1816000000003	High
HG02224	-2456.3401	High
HG02230	-2456.3158	High
HG02231	-2474.6564	Intermediate
HG02232	-2458.725	High
HG02233	-2468.6927	High
HG02235	-2470.0636000000004	High
HG02236	-2450.5033000000003	High
HG02238	-2473.2241000000004	Intermediate
HG02239	-2464.9599000000003	High
HG02250	-2529.4245000000005	Low
HG02252	-2480.9880999999996	Intermediate
HG02253	-2495.9985	Intermediate
HG02255	-2529.4088	Low
HG02256	-2508.019399999999	Intermediate
HG02259	-2505.4896999999996	Intermediate
HG02260	-2499.1258	Intermediate
HG02262	-2484.1279	Intermediate
HG02265	-2493.5606	Intermediate
HG02266	-2509.8038	Intermediate
HG02271	-2494.7101	Intermediate
HG02272	-2489.5669999999996	Intermediate
HG02274	-2509.7529999999997	Intermediate
HG02275	-2506.0179999999996	Intermediate
HG02277	-2474.9662999999996	Intermediate
HG02278	-2501.2282	Intermediate
HG02281	-2532.1985000000004	Low
HG02282	-2516.3161999999998	Intermediate
HG02283	-2514.0315	Intermediate
HG02284	-2514.6342999999997	Intermediate
HG02285	-2493.3536999999997	Intermediate
HG02286	-2480.0706	Intermediate
HG02291	-2507.6384999999996	Intermediate
HG02292	-2491.266499999999	Intermediate
HG02298	-2471.3716000000004	High
HG02299	-2490.5512	Intermediate
HG02301	-2487.9398	Intermediate
HG02304	-2494.3999999999996	Intermediate
HG02307	-2521.4554000000003	Intermediate
HG02308	-2516.6036	Intermediate
HG02309	-2522.6759000000006	Intermediate
HG02312	-2503.1073	Intermediate
HG02314	-2524.842399999999	Intermediate
HG02315	-2517.7402000000006	Intermediate
HG02317	-2521.837	Intermediate
HG02318	-2524.1362	Intermediate
HG02322	-2521.3057000000003	Intermediate
HG02323	-2524.9638	Intermediate
HG02325	-2533.0304	Low
HG02330	-2534.2695999999996	Low
HG02332	-2527.8396000000002	Low
HG02334	-2511.6321	Intermediate
HG02337	-2513.4833000000003	Intermediate
HG02339	-2532.532599999999	Low
HG02343	-2514.9441000000006	Intermediate
HG02345	-2500.1086999999998	Intermediate
HG02348	-2486.5700000000006	Intermediate
HG02351	-2520.9189	Intermediate
HG02353	-2522.8836999999994	Intermediate
HG02355	-2524.5814	Intermediate
HG02356	-2514.9127	Intermediate
HG02360	-2523.4957999999992	Intermediate
HG02364	-2523.899700000001	Intermediate
HG02367	-2516.536999999999	Intermediate
HG02371	-2518.4127	Intermediate
HG02373	-2514.6198999999997	Intermediate
HG02374	-2525.1349999999998	Intermediate
HG02375	-2514.363900000001	Intermediate
HG02379	-2509.4876	Intermediate
HG02380	-2518.5975	Intermediate
HG02382	-2525.7073000000005	Low
HG02383	-2534.1192	Low
HG02384	-2517.6696000000006	Intermediate
HG02385	-2529.9979000000003	Low
HG02386	-2521.457599999999	Intermediate
HG02389	-2521.1872	Intermediate
HG02390	-2522.5522	Intermediate
HG02391	-2517.1897999999997	Intermediate
HG02392	-2513.1082	Intermediate
HG02394	-2522.9734	Intermediate
HG02395	-2529.3902	Low
HG02396	-2519.6615	Intermediate
HG02397	-2518.0203	Intermediate
HG02398	-2515.1940000000004	Intermediate
HG02399	-2522.4346999999993	Intermediate
HG02401	-2521.4500000000003	Intermediate
HG02402	-2516.1394	Intermediate
HG02406	-2506.4425	Intermediate
HG02407	-2513.2401	Intermediate
HG02408	-2511.6589	Intermediate
HG02409	-2520.2729999999997	Intermediate
HG02410	-2531.767999999999	Low
HG02419	-2527.825799999999	Low
HG02420	-2498.9177	Intermediate
HG02425	-2501.3817000000004	Intermediate
HG02427	-2518.2497999999996	Intermediate
HG02429	-2527.0037	Low
HG02433	-2511.3591	Intermediate
HG02439	-2531.8004000000005	Low
HG02442	-2523.8208000000004	Intermediate
HG02445	-2516.3359000000005	Intermediate
HG02449	-2537.7271999999994	Low
HG02450	-2534.3894	Low
HG02455	-2510.4473999999996	Intermediate
HG02461	-2526.8499999999995	Low
HG02462	-2518.8795999999993	Intermediate
HG02464	-2528.6885999999995	Low
HG02465	-2523.5034	Intermediate
HG02470	-2534.1987	Low
HG02471	-2535.7431999999994	Low
HG02476	-2511.2607000000003	Intermediate
HG02477	-2524.3236	Intermediate
HG02479	-2516.0840000000003	Intermediate
HG02481	-2526.9414999999995	Low
HG02484	-2518.9422999999997	Intermediate
HG02485	-2505.2584000000006	Intermediate
HG02489	-2526.2855	Low
HG02490	-2479.377499999999	Intermediate
HG02491	-2492.1899	Intermediate
HG02493	-2513.7534	Intermediate
HG02494	-2491.262000000001	Intermediate
HG02496	-2531.2628999999997	Low
HG02497	-2526.656	Low
HG02501	-2516.7754	Intermediate
HG02502	-2517.3816	Intermediate
HG02505	-2525.6057	Low
HG02508	-2525.797	Low
HG02511	-2521.6399	Intermediate
HG02512	-2517.136	Intermediate
HG02513	-2515.6231	Intermediate
HG02521	-2516.4053999999996	Intermediate
HG02522	-2516.0537000000004	Intermediate
HG02536	-2506.9842000000003	Intermediate
HG02537	-2532.1739999999995	Low
HG02541	-2519.4017	Intermediate
HG02545	-2521.7078	Intermediate
HG02546	-2530.3747999999996	Low
HG02549	-2516.8509	Intermediate
HG02554	-2519.1204	Intermediate
HG02555	-2529.548	Low
HG02557	-2518.8202	Intermediate
HG02558	-2522.0034	Intermediate
HG02561	-2526.0178	Low
HG02562	-2528.4002	Low
HG02568	-2527.7355	Low
HG02570	-2528.2603000000004	Low
HG02571	-2528.4848	Low
HG02573	-2526.1317	Low
HG02574	-2514.1784	Intermediate
HG02577	-2512.6256000000003	Intermediate
HG02580	-2514.697400000001	Intermediate
HG02582	-2536.9626	Low
HG02583	-2527.0623	Low
HG02585	-2527.9874	Low
HG02586	-2529.5145	Low
HG02588	-2528.0163	Low
HG02589	-2532.2382000000002	Low
HG02594	-2530.8512999999994	Low
HG02595	-2532.1659	Low
HG02597	-2482.6411000000007	Intermediate
HG02600	-2500.7938000000004	Intermediate
HG02601	-2487.2254000000003	Intermediate
HG02603	-2491.402	Intermediate
HG02604	-2496.2206	Intermediate
HG02610	-2537.9222999999993	Low
HG02611	-2522.3823	Intermediate
HG02613	-2525.1626	Low
HG02614	-2514.9400999999993	Intermediate
HG02620	-2519.7582	Intermediate
HG02621	-2535.8183999999997	Low
HG02623	-2523.6551	Intermediate
HG02624	-2530.1097999999997	Low
HG02628	-2522.409000000001	Intermediate
HG02629	-2521.4653000000003	Intermediate
HG02634	-2528.4790000000003	Low
HG02635	-2527.0337	Low
HG02642	-2516.4631999999997	Intermediate
HG02643	-2527.8569	Low
HG02645	-2528.8863999999994	Low
HG02646	-2542.5527999999995	Low
HG02648	-2498.1245000000004	Intermediate
HG02649	-2480.1711999999993	Intermediate
HG02651	-2473.1529	Intermediate
HG02652	-2490.1009999999997	Intermediate
HG02654	-2501.9904000000006	Intermediate
HG02655	-2493.8733	Intermediate
HG02657	-2493.8474999999994	Intermediate
HG02658	-2481.1991000000007	Intermediate
HG02660	-2496.8441	Intermediate
HG02661	-2498.0641	Intermediate
HG02666	-2536.1861	Low
HG02667	-2523.8433000000005	Intermediate
HG02675	-2533.2691	Low
HG02676	-2523.8883	Intermediate
HG02678	-2529.2896	Low
HG02679	-2522.8619999999996	Intermediate
HG02681	-2497.117	Intermediate
HG02682	-2496.1725999999994	Intermediate
HG02684	-2501.4983	Intermediate
HG02685	-2501.2436000000002	Intermediate
HG02687	-2500.2158999999992	Intermediate
HG02688	-2498.6220000000003	Intermediate
HG02690	-2494.7638999999995	Intermediate
HG02691	-2482.5646	Intermediate
HG02694	-2494.7056000000002	Intermediate
HG02696	-2474.0909999999994	Intermediate
HG02697	-2500.4532	Intermediate
HG02699	-2494.3111	Intermediate
HG02700	-2503.7802000000006	Intermediate
HG02702	-2522.9679000000006	Intermediate
HG02703	-2531.9154999999996	Low
HG02715	-2525.7658	Low
HG02716	-2522.6115	Intermediate
HG02721	-2531.3959	Low
HG02722	-2532.3026000000004	Low
HG02724	-2486.9822000000004	Intermediate
HG02725	-2486.019099999999	Intermediate
HG02727	-2503.4692999999993	Intermediate
HG02728	-2502.5611	Intermediate
HG02731	-2471.3021999999996	High
HG02733	-2494.3603	Intermediate
HG02734	-2477.9640999999992	Intermediate
HG02736	-2474.153	Intermediate
HG02737	-2491.2401000000004	Intermediate
HG02756	-2538.9575	Low
HG02757	-2524.0903999999996	Intermediate
HG02759	-2530.9809999999998	Low
HG02760	-2518.3287	Intermediate
HG02763	-2530.892699999999	Low
HG02768	-2525.0586	Intermediate
HG02769	-2531.5978	Low
HG02771	-2535.3022000000005	Low
HG02772	-2527.9860000000003	Low
HG02774	-2490.9687000000004	Intermediate
HG02775	-2485.3656	Intermediate
HG02778	-2491.9825999999994	Intermediate
HG02780	-2500.4912000000004	Intermediate
HG02783	-2511.1349	Intermediate
HG02784	-2497.9258000000004	Intermediate
HG02786	-2520.699500000001	Intermediate
HG02787	-2485.0011	Intermediate
HG02789	-2508.0544999999997	Intermediate
HG02790	-2496.5285	Intermediate
HG02792	-2503.5596	Intermediate
HG02793	-2502.9469	Intermediate
HG02798	-2526.4021000000002	Low
HG02799	-2529.091000000001	Low
HG02804	-2527.617300000001	Low
HG02805	-2531.6578	Low
HG02807	-2522.7743999999993	Intermediate
HG02808	-2522.0193	Intermediate
HG02810	-2521.7574999999997	Intermediate
HG02811	-2521.1982	Intermediate
HG02813	-2539.838800000001	Low
HG02814	-2521.3754	Intermediate
HG02816	-2533.6468999999993	Low
HG02817	-2532.6445999999996	Low
HG02819	-2522.2985	Intermediate
HG02820	-2535.0184000000004	Low
HG02836	-2525.1389999999997	Intermediate
HG02837	-2523.5880999999995	Intermediate
HG02839	-2523.4565000000002	Intermediate
HG02840	-2528.5993000000003	Low
HG02851	-2522.7056000000002	Intermediate
HG02852	-2534.1007000000004	Low
HG02854	-2521.298299999999	Intermediate
HG02855	-2523.2133999999996	Intermediate
HG02860	-2526.7534	Low
HG02861	-2531.4959999999996	Low
HG02870	-2521.5364999999993	Intermediate
HG02878	-2529.6011000000008	Low
HG02879	-2536.5757000000003	Low
HG02881	-2520.5955000000004	Intermediate
HG02882	-2524.1744000000003	Intermediate
HG02884	-2521.8986	Intermediate
HG02885	-2537.321900000001	Low
HG02887	-2530.5149999999994	Low
HG02888	-2526.4046	Low
HG02890	-2530.0442000000003	Low
HG02891	-2536.9782	Low
HG02895	-2536.4323999999997	Low
HG02896	-2526.1936000000005	Low
HG02922	-2532.273399999999	Low
HG02923	-2534.8658000000005	Low
HG02938	-2533.7397	Low
HG02941	-2530.0685	Low
HG02943	-2531.5772000000006	Low
HG02944	-2528.2839999999997	Low
HG02946	-2529.1334	Low
HG02947	-2523.5391999999993	Intermediate
HG02952	-2538.2557	Low
HG02953	-2542.9766000000004	Low
HG02968	-2531.5681000000004	Low
HG02970	-2535.2655	Low
HG02971	-2545.7871000000005	Low
HG02973	-2529.2287	Low
HG02974	-2526.8754000000004	Low
HG02976	-2531.0224	Low
HG02977	-2540.4604	Low
HG02979	-2526.5535	Low
HG02981	-2528.9309000000003	Low
HG02982	-2539.298799999999	Low
HG02983	-2530.7301000000007	Low
HG03006	-2502.2624	Intermediate
HG03007	-2497.4812	Intermediate
HG03009	-2512.9971	Intermediate
HG03012	-2497.0176000000006	Intermediate
HG03015	-2491.5742999999998	Intermediate
HG03016	-2506.2226000000005	Intermediate
HG03018	-2496.0180999999993	Intermediate
HG03019	-2500.068199999999	Intermediate
HG03021	-2505.2684	Intermediate
HG03022	-2493.1041999999993	Intermediate
HG03024	-2531.4314999999992	Low
HG03025	-2522.8496	Intermediate
HG03027	-2535.4118	Low
HG03028	-2533.472499999999	Low
HG03039	-2529.814599999999	Low
HG03040	-2521.3287	Intermediate
HG03045	-2525.5111000000006	Low
HG03046	-2529.2725	Low
HG03048	-2533.28	Low
HG03049	-2530.0959	Low
HG03052	-2529.2355999999995	Low
HG03054	-2532.2502999999997	Low
HG03055	-2529.7772	Low
HG03057	-2528.8046	Low
HG03058	-2523.8966000000005	Intermediate
HG03060	-2522.8993	Intermediate
HG03061	-2527.5289000000002	Low
HG03063	-2532.5040000000004	Low
HG03064	-2521.6996999999997	Intermediate
HG03066	-2532.2473000000005	Low
HG03069	-2523.9792	Intermediate
HG03072	-2526.5806	Low
HG03073	-2529.9752	Low
HG03074	-2538.1804999999995	Low
HG03077	-2529.0364999999997	Low
HG03078	-2533.6166999999996	Low
HG03079	-2525.0040999999997	Intermediate
HG03081	-2535.5084	Low
HG03082	-2544.3031	Low
HG03084	-2525.7314000000006	Low
HG03085	-2521.3851999999997	Intermediate
HG03086	-2520.1559999999995	Intermediate
HG03088	-2527.6168	Low
HG03091	-2529.1961000000006	Low
HG03095	-2531.6921000000007	Low
HG03096	-2522.8046000000004	Intermediate
HG03097	-2533.9010999999996	Low
HG03099	-2530.2771999999995	Low
HG03100	-2525.7475	Low
HG03103	-2524.5532999999996	Intermediate
HG03105	-2543.0854999999992	Low
HG03108	-2527.5832	Low
HG03109	-2532.1637	Low
HG03111	-2534.7555999999995	Low
HG03112	-2532.0918000000006	Low
HG03114	-2526.3307	Low
HG03115	-2529.0997999999995	Low
HG03117	-2528.1308000000004	Low
HG03118	-2534.3523999999998	Low
HG03120	-2532.7777999999994	Low
HG03121	-2529.8635000000004	Low
HG03123	-2527.5567	Low
HG03124	-2534.4016000000006	Low
HG03126	-2528.313	Low
HG03127	-2533.3826999999997	Low
HG03129	-2533.8992000000003	Low
HG03130	-2533.2487	Low
HG03132	-2528.3938999999996	Low
HG03133	-2531.897	Low
HG03135	-2533.3266	Low
HG03136	-2523.4366000000005	Intermediate
HG03139	-2532.3424	Low
HG03157	-2536.7778000000003	Low
HG03159	-2535.4988000000003	Low
HG03160	-2543.1791	Low
HG03162	-2522.6255	Intermediate
HG03163	-2528.0289999999995	Low
HG03166	-2533.5284	Low
HG03168	-2526.7585000000004	Low
HG03169	-2532.7653	Low
HG03172	-2533.7081999999996	Low
HG03175	-2533.6516	Low
HG03189	-2537.4227000000005	Low
HG03190	-2535.9381000000003	Low
HG03193	-2525.3218999999995	Low
HG03195	-2529.4028000000003	Low
HG03196	-2536.0576	Low
HG03198	-2527.9783	Low
HG03199	-2531.545400000001	Low
HG03202	-2531.9623	Low
HG03209	-2534.6152999999995	Low
HG03212	-2539.6945999999994	Low
HG03224	-2534.3142	Low
HG03225	-2537.2224	Low
HG03228	-2487.7595000000006	Intermediate
HG03229	-2496.9950999999996	Intermediate
HG03234	-2495.8197	Intermediate
HG03235	-2483.1732000000006	Intermediate
HG03237	-2496.3851000000004	Intermediate
HG03238	-2479.7924999999996	Intermediate
HG03240	-2536.291	Low
HG03241	-2532.5276999999996	Low
HG03246	-2527.9469000000004	Low
HG03247	-2529.6884000000005	Low
HG03258	-2526.7653999999998	Low
HG03259	-2528.8351000000002	Low
HG03265	-2531.8453	Low
HG03267	-2527.3467000000005	Low
HG03268	-2526.9411000000005	Low
HG03270	-2539.5088000000005	Low
HG03271	-2539.486099999999	Low
HG03279	-2533.4625000000005	Low
HG03280	-2523.6193	Intermediate
HG03291	-2528.7448000000004	Low
HG03294	-2531.8307	Low
HG03295	-2539.2370999999994	Low
HG03297	-2540.0059	Low
HG03298	-2533.219900000001	Low
HG03300	-2530.0199	Low
HG03301	-2533.3037999999997	Low
HG03303	-2534.417199999999	Low
HG03304	-2535.081399999999	Low
HG03311	-2530.0334000000007	Low
HG03313	-2525.5893000000005	Low
HG03342	-2533.4813999999997	Low
HG03343	-2531.8014999999996	Low
HG03351	-2522.771399999999	Intermediate
HG03352	-2528.4064	Low
HG03354	-2533.8493000000003	Low
HG03363	-2527.1374000000005	Low
HG03366	-2530.7138999999997	Low
HG03367	-2534.723	Low
HG03369	-2522.2957	Intermediate
HG03370	-2537.2009	Low
HG03372	-2526.4491000000007	Low
HG03376	-2540.6978	Low
HG03378	-2530.723599999999	Low
HG03380	-2522.6434999999997	Intermediate
HG03382	-2538.0121	Low
HG03385	-2538.2488	Low
HG03388	-2529.8399	Low
HG03391	-2533.0117000000005	Low
HG03394	-2524.9923999999996	Intermediate
HG03397	-2529.4295999999995	Low
HG03401	-2530.055	Low
HG03410	-2527.1932999999995	Low
HG03419	-2533.6496	Low
HG03428	-2527.6342999999997	Low
HG03432	-2529.9889000000003	Low
HG03433	-2531.2737	Low
HG03436	-2537.1564000000003	Low
HG03437	-2523.8370999999997	Intermediate
HG03439	-2522.957099999999	Intermediate
HG03442	-2537.2094999999995	Low
HG03445	-2530.3369	Low
HG03446	-2524.9099999999994	Intermediate
HG03449	-2539.1415000000006	Low
HG03451	-2528.9924	Low
HG03452	-2523.4948000000004	Intermediate
HG03455	-2536.0419	Low
HG03457	-2525.0584000000003	Intermediate
HG03458	-2538.8818	Low
HG03460	-2527.169899999999	Low
HG03461	-2527.6507999999994	Low
HG03464	-2521.9964000000004	Intermediate
HG03469	-2533.631299999999	Low
HG03470	-2528.0625	Low
HG03472	-2527.5220999999997	Low
HG03473	-2536.2809	Low
HG03476	-2529.4348999999997	Low
HG03478	-2537.3337	Low
HG03479	-2530.1558999999993	Low
HG03484	-2532.5786	Low
HG03485	-2524.0844999999995	Intermediate
HG03488	-2496.3952	Intermediate
HG03490	-2481.148	Intermediate
HG03491	-2495.7824999999993	Intermediate
HG03499	-2535.9988999999996	Low
HG03511	-2539.4979	Low
HG03514	-2526.7387999999996	Low
HG03515	-2537.596	Low
HG03517	-2532.3228	Low
HG03518	-2540.2358	Low
HG03520	-2532.961500000001	Low
HG03521	-2523.2601999999997	Intermediate
HG03538	-2528.1572	Low
HG03539	-2527.3848	Low
HG03547	-2529.1504000000004	Low
HG03548	-2528.5279999999993	Low
HG03556	-2536.4351	Low
HG03557	-2531.9011000000005	Low
HG03558	-2524.2868	Intermediate
HG03559	-2528.2938999999988	Low
HG03563	-2527.8247	Low
HG03565	-2538.0419	Low
HG03567	-2524.7699000000007	Intermediate
HG03571	-2531.6134	Low
HG03572	-2524.7368	Intermediate
HG03575	-2537.5910999999996	Low
HG03577	-2526.8396000000007	Low
HG03578	-2538.1035	Low
HG03583	-2531.7989999999995	Low
HG03585	-2490.3474	Intermediate
HG03589	-2509.8333999999995	Intermediate
HG03593	-2482.3676	Intermediate
HG03594	-2502.7883999999995	Intermediate
HG03595	-2510.4062	Intermediate
HG03598	-2506.0071999999996	Intermediate
HG03600	-2515.5944000000004	Intermediate
HG03603	-2508.3632000000002	Intermediate
HG03604	-2519.7028999999998	Intermediate
HG03607	-2499.0525000000002	Intermediate
HG03611	-2493.9106	Intermediate
HG03615	-2498.4265	Intermediate
HG03616	-2497.443499999999	Intermediate
HG03619	-2483.4387	Intermediate
HG03624	-2489.5042000000003	Intermediate
HG03625	-2488.4306000000006	Intermediate
HG03629	-2515.0570000000002	Intermediate
HG03631	-2492.2089	Intermediate
HG03634	-2505.3660999999997	Intermediate
HG03636	-2474.6764000000007	Intermediate
HG03640	-2494.6157000000003	Intermediate
HG03642	-2499.5918000000006	Intermediate
HG03643	-2493.4062	Intermediate
HG03644	-2499.9839	Intermediate
HG03645	-2496.8445999999994	Intermediate
HG03646	-2497.3515	Intermediate
HG03649	-2502.1828	Intermediate
HG03652	-2505.2651000000005	Intermediate
HG03653	-2483.2505000000006	Intermediate
HG03660	-2494.6841	Intermediate
HG03663	-2496.2167000000004	Intermediate
HG03667	-2506.6979	Intermediate
HG03668	-2494.3342	Intermediate
HG03672	-2504.7431	Intermediate
HG03673	-2498.3900999999996	Intermediate
HG03679	-2494.6772	Intermediate
HG03680	-2507.941499999999	Intermediate
HG03681	-2496.610099999999	Intermediate
HG03684	-2496.3110000000006	Intermediate
HG03685	-2522.5543000000002	Intermediate
HG03686	-2510.7365	Intermediate
HG03687	-2510.0535	Intermediate
HG03689	-2498.9537	Intermediate
HG03690	-2493.6631000000007	Intermediate
HG03691	-2509.8172	Intermediate
HG03692	-2505.1195000000007	Intermediate
HG03693	-2518.4934000000003	Intermediate
HG03694	-2487.3907	Intermediate
HG03695	-2502.1046999999994	Intermediate
HG03696	-2489.5643000000005	Intermediate
HG03697	-2502.4740000000006	Intermediate
HG03698	-2494.0742000000005	Intermediate
HG03702	-2501.4784999999997	Intermediate
HG03703	-2493.1464999999994	Intermediate
HG03705	-2499.8261999999995	Intermediate
HG03706	-2504.1083	Intermediate
HG03708	-2477.3098000000005	Intermediate
HG03709	-2510.212	Intermediate
HG03711	-2496.8412000000003	Intermediate
HG03713	-2499.1004	Intermediate
HG03714	-2498.3278000000005	Intermediate
HG03716	-2495.9956000000006	Intermediate
HG03717	-2509.3958000000007	Intermediate
HG03718	-2502.4966000000004	Intermediate
HG03720	-2522.4982000000005	Intermediate
HG03722	-2514.3215	Intermediate
HG03727	-2506.6371	Intermediate
HG03729	-2505.0846	Intermediate
HG03730	-2514.1158	Intermediate
HG03731	-2501.0197	Intermediate
HG03733	-2510.8475	Intermediate
HG03736	-2508.2484999999997	Intermediate
HG03738	-2515.4214999999995	Intermediate
HG03740	-2507.3152000000005	Intermediate
HG03741	-2508.9595000000004	Intermediate
HG03742	-2509.1426000000006	Intermediate
HG03743	-2505.7803999999996	Intermediate
HG03744	-2500.7103000000006	Intermediate
HG03745	-2508.7676	Intermediate
HG03746	-2481.5596000000005	Intermediate
HG03750	-2502.9849999999997	Intermediate
HG03752	-2493.3874	Intermediate
HG03753	-2497.2410000000004	Intermediate
HG03754	-2502.1513999999997	Intermediate
HG03755	-2513.0599999999995	Intermediate
HG03756	-2516.2809999999995	Intermediate
HG03757	-2504.6905	Intermediate
HG03760	-2511.4371	Intermediate
HG03762	-2515.5071000000003	Intermediate
HG03765	-2468.2886000000003	High
HG03767	-2486.0901	Intermediate
HG03770	-2518.189	Intermediate
HG03771	-2507.395	Intermediate
HG03772	-2511.3521000000005	Intermediate
HG03773	-2500.9289999999996	Intermediate
HG03774	-2471.5099000000005	High
HG03775	-2496.6747	Intermediate
HG03777	-2512.5044999999996	Intermediate
HG03778	-2508.4087999999992	Intermediate
HG03779	-2513.2635	Intermediate
HG03780	-2508.1553999999996	Intermediate
HG03781	-2512.2279000000003	Intermediate
HG03782	-2504.7034999999996	Intermediate
HG03784	-2511.7023	Intermediate
HG03785	-2501.4043	Intermediate
HG03786	-2511.6561000000006	Intermediate
HG03787	-2521.6709000000005	Intermediate
HG03788	-2506.4892	Intermediate
HG03789	-2491.7435000000005	Intermediate
HG03790	-2514.6754	Intermediate
HG03792	-2507.3066	Intermediate
HG03793	-2502.2779	Intermediate
HG03796	-2493.6159	Intermediate
HG03800	-2503.5431999999996	Intermediate
HG03802	-2519.1668	Intermediate
HG03803	-2516.4218000000005	Intermediate
HG03805	-2501.1272999999997	Intermediate
HG03808	-2499.1421	Intermediate
HG03809	-2497.9638999999997	Intermediate
HG03812	-2506.3325	Intermediate
HG03814	-2504.5446	Intermediate
HG03815	-2493.8870999999995	Intermediate
HG03817	-2523.3233	Intermediate
HG03821	-2518.4215	Intermediate
HG03823	-2496.0771	Intermediate
HG03824	-2501.2661	Intermediate
HG03826	-2495.1867999999995	Intermediate
HG03829	-2496.109699999999	Intermediate
HG03830	-2500.0937999999996	Intermediate
HG03832	-2511.4964	Intermediate
HG03833	-2511.7389999999996	Intermediate
HG03836	-2487.3645999999994	Intermediate
HG03837	-2503.822899999999	Intermediate
HG03838	-2504.3161999999998	Intermediate
HG03844	-2499.1526000000003	Intermediate
HG03846	-2490.0487000000007	Intermediate
HG03848	-2507.5861	Intermediate
HG03849	-2505.6608	Intermediate
HG03850	-2499.7723000000005	Intermediate
HG03851	-2507.5488	Intermediate
HG03854	-2505.3284	Intermediate
HG03856	-2501.5607000000005	Intermediate
HG03857	-2495.3360999999995	Intermediate
HG03858	-2506.9161	Intermediate
HG03861	-2509.8180000000007	Intermediate
HG03862	-2512.3727000000003	Intermediate
HG03863	-2502.516	Intermediate
HG03864	-2496.6327	Intermediate
HG03866	-2515.6515	Intermediate
HG03867	-2506.4595000000004	Intermediate
HG03868	-2499.2635	Intermediate
HG03869	-2503.4681	Intermediate
HG03870	-2501.0591	Intermediate
HG03871	-2506.8626000000004	Intermediate
HG03872	-2506.6093	Intermediate
HG03873	-2470.2608000000005	High
HG03874	-2495.810200000001	Intermediate
HG03875	-2485.7816	Intermediate
HG03882	-2491.9165999999996	Intermediate
HG03884	-2506.0684999999994	Intermediate
HG03885	-2504.4255	Intermediate
HG03886	-2486.4305999999997	Intermediate
HG03887	-2503.6983000000005	Intermediate
HG03888	-2497.4051999999997	Intermediate
HG03890	-2502.3842999999997	Intermediate
HG03894	-2509.0334	Intermediate
HG03895	-2504.4114999999997	Intermediate
HG03896	-2498.3248000000012	Intermediate
HG03897	-2497.7039	Intermediate
HG03898	-2508.8626	Intermediate
HG03899	-2514.8911999999996	Intermediate
HG03900	-2506.9249	Intermediate
HG03902	-2485.9183999999996	Intermediate
HG03905	-2515.3024	Intermediate
HG03907	-2496.7805	Intermediate
HG03908	-2495.1308999999997	Intermediate
HG03910	-2497.174	Intermediate
HG03911	-2505.3738	Intermediate
HG03913	-2499.5997999999995	Intermediate
HG03914	-2499.0625	Intermediate
HG03916	-2492.6490000000003	Intermediate
HG03917	-2507.0283	Intermediate
HG03919	-2506.4707999999996	Intermediate
HG03920	-2496.337599999999	Intermediate
HG03922	-2507.4289000000003	Intermediate
HG03925	-2509.9921999999997	Intermediate
HG03926	-2501.348599999999	Intermediate
HG03928	-2509.2743	Intermediate
HG03931	-2499.4628000000002	Intermediate
HG03934	-2494.4192999999996	Intermediate
HG03937	-2512.688900000001	Intermediate
HG03940	-2510.3476000000005	Intermediate
HG03941	-2494.6823999999997	Intermediate
HG03943	-2507.4723	Intermediate
HG03944	-2505.1007999999993	Intermediate
HG03945	-2509.1083	Intermediate
HG03947	-2505.7628999999993	Intermediate
HG03949	-2489.8288000000002	Intermediate
HG03950	-2503.3153	Intermediate
HG03951	-2511.9451	Intermediate
HG03953	-2494.9771000000005	Intermediate
HG03955	-2497.6522000000004	Intermediate
HG03960	-2503.6187999999997	Intermediate
HG03963	-2506.6064999999994	Intermediate
HG03965	-2500.5992	Intermediate
HG03967	-2524.1171000000004	Intermediate
HG03968	-2495.9591000000005	Intermediate
HG03969	-2504.6722000000004	Intermediate
HG03971	-2503.0233999999996	Intermediate
HG03973	-2505.38	Intermediate
HG03974	-2498.0715999999993	Intermediate
HG03976	-2506.1268999999993	Intermediate
HG03977	-2499.820199999999	Intermediate
HG03978	-2503.2799	Intermediate
HG03985	-2500.0535999999997	Intermediate
HG03986	-2508.6084999999994	Intermediate
HG03989	-2508.246	Intermediate
HG03990	-2500.2526000000003	Intermediate
HG03991	-2501.8257999999996	Intermediate
HG03995	-2509.3427000000006	Intermediate
HG03998	-2482.8188	Intermediate
HG03999	-2500.5609999999997	Intermediate
HG04001	-2492.1878	Intermediate
HG04002	-2503.4777000000004	Intermediate
HG04003	-2487.1807	Intermediate
HG04006	-2517.038299999999	Intermediate
HG04014	-2517.2691	Intermediate
HG04015	-2497.1046	Intermediate
HG04017	-2508.7603999999997	Intermediate
HG04018	-2516.2569999999996	Intermediate
HG04019	-2494.5131000000006	Intermediate
HG04020	-2498.8728	Intermediate
HG04022	-2498.2755000000006	Intermediate
HG04023	-2508.8984	Intermediate
HG04025	-2516.2918000000004	Intermediate
HG04026	-2498.2678	Intermediate
HG04029	-2510.6075	Intermediate
HG04033	-2506.7955	Intermediate
HG04035	-2505.4087999999997	Intermediate
HG04038	-2509.0011	Intermediate
HG04039	-2496.8767000000003	Intermediate
HG04042	-2507.9858	Intermediate
HG04047	-2500.6345	Intermediate
HG04054	-2510.1253000000006	Intermediate
HG04056	-2506.2873	Intermediate
HG04059	-2513.907399999999	Intermediate
HG04060	-2510.0216000000005	Intermediate
HG04061	-2514.5416000000005	Intermediate
HG04062	-2508.151299999999	Intermediate
HG04063	-2508.7021999999993	Intermediate
HG04070	-2498.9586999999997	Intermediate
HG04075	-2523.6795	Intermediate
HG04076	-2513.2160999999996	Intermediate
HG04080	-2502.3558	Intermediate
HG04090	-2507.235100000001	Intermediate
HG04093	-2504.4262000000003	Intermediate
HG04094	-2506.4456999999998	Intermediate
HG04096	-2493.8314000000005	Intermediate
HG04098	-2497.700099999999	Intermediate
HG04099	-2502.0707	Intermediate
HG04100	-2502.4301999999993	Intermediate
HG04106	-2499.6664	Intermediate
HG04107	-2509.7365999999997	Intermediate
HG04118	-2504.6683999999996	Intermediate
HG04131	-2497.3727	Intermediate
HG04134	-2495.9962000000005	Intermediate
HG04140	-2509.6013000000003	Intermediate
HG04141	-2498.1814000000004	Intermediate
HG04144	-2491.1846	Intermediate
HG04146	-2496.5808999999995	Intermediate
HG04152	-2481.2088000000003	Intermediate
HG04153	-2497.3839000000003	Intermediate
HG04155	-2499.2853000000005	Intermediate
HG04156	-2498.8307999999997	Intermediate
HG04158	-2492.4655	Intermediate
HG04159	-2506.6150999999995	Intermediate
HG04161	-2505.6861000000004	Intermediate
HG04162	-2487.2252000000003	Intermediate
HG04164	-2498.5672999999997	Intermediate
HG04171	-2498.7018999999996	Intermediate
HG04173	-2508.0205	Intermediate
HG04176	-2521.608	Intermediate
HG04177	-2505.6175999999996	Intermediate
HG04180	-2503.8952	Intermediate
HG04182	-2500.5540999999994	Intermediate
HG04183	-2505.2129999999997	Intermediate
HG04185	-2508.3443	Intermediate
HG04186	-2499.4129000000003	Intermediate
HG04188	-2486.4076999999997	Intermediate
HG04189	-2500.9429000000005	Intermediate
HG04194	-2492.5224999999996	Intermediate
HG04195	-2503.6578999999997	Intermediate
HG04198	-2491.3806	Intermediate
HG04200	-2517.1918000000005	Intermediate
HG04202	-2498.9865999999993	Intermediate
HG04206	-2509.8138999999996	Intermediate
HG04209	-2514.6209	Intermediate
HG04210	-2488.5947	Intermediate
HG04211	-2513.5842999999995	Intermediate
HG04212	-2499.7832	Intermediate
HG04214	-2495.516	Intermediate
HG04216	-2498.281299999999	Intermediate
HG04219	-2502.1856000000007	Intermediate
HG04222	-2518.0420999999997	Intermediate
HG04225	-2489.7592000000004	Intermediate
HG04227	-2498.6835	Intermediate
HG04229	-2511.984700000001	Intermediate
HG04235	-2481.6532999999995	Intermediate
HG04238	-2518.748999999999	Intermediate
HG04239	-2517.4215999999997	Intermediate
NA06984	-2468.2299000000003	High
NA06985	-2456.7163	High
NA06986	-2454.9051000000004	High
NA06989	-2460.9743000000003	High
NA06994	-2464.4755999999998	High
NA07000	-2475.4292999999993	Intermediate
NA07037	-2456.877200000001	High
NA07048	-2462.4334	High
NA07051	-2461.1472	High
NA07056	-2461.4062000000004	High
NA07347	-2464.5169000000005	High
NA07357	-2433.8374000000003	High
NA10847	-2474.9363	Intermediate
NA10851	-2448.7474	High
NA11829	-2437.563	High
NA11830	-2462.1101	High
NA11831	-2477.1837	Intermediate
NA11832	-2442.5393000000004	High
NA11840	-2472.280799999999	Intermediate
NA11843	-2451.5748000000003	High
NA11881	-2467.5509	High
NA11892	-2453.0097999999994	High
NA11893	-2436.5949000000005	High
NA11894	-2481.0865999999996	Intermediate
NA11918	-2449.838300000001	High
NA11919	-2448.9388	High
NA11920	-2457.0359000000003	High
NA11930	-2476.8951999999995	Intermediate
NA11931	-2474.9880000000007	Intermediate
NA11932	-2455.0272	High
NA11933	-2466.7518999999998	High
NA11992	-2468.5860000000002	High
NA11994	-2472.7369	Intermediate
NA11995	-2480.7366	Intermediate
NA12003	-2446.2298	High
NA12004	-2449.6814	High
NA12005	-2470.4450999999995	High
NA12006	-2458.0477	High
NA12043	-2449.8667999999993	High
NA12044	-2428.3769999999995	High
NA12045	-2467.1425000000004	High
NA12046	-2463.3612	High
NA12058	-2459.9511999999995	High
NA12144	-2466.1956	High
NA12154	-2450.088	High
NA12155	-2452.588599999999	High
NA12156	-2479.7888999999996	Intermediate
NA12234	-2460.7204	High
NA12249	-2450.7320999999997	High
NA12272	-2450.5096000000003	High
NA12273	-2457.1848999999997	High
NA12275	-2457.3233	High
NA12282	-2463.77	High
NA12283	-2460.1972000000005	High
NA12286	-2457.5818000000004	High
NA12287	-2446.0531999999994	High
NA12340	-2466.062299999999	High
NA12341	-2457.9801	High
NA12342	-2444.7189	High
NA12347	-2470.7309	High
NA12348	-2480.7693999999997	Intermediate
NA12383	-2485.6112000000007	Intermediate
NA12399	-2461.2218000000007	High
NA12400	-2452.6442999999995	High
NA12413	-2462.4809	High
NA12414	-2471.1036999999997	High
NA12489	-2474.1756	Intermediate
NA12546	-2457.5608999999995	High
NA12716	-2437.7921000000006	High
NA12717	-2474.2876999999994	Intermediate
NA12718	-2453.8356	High
NA12748	-2458.0697000000005	High
NA12749	-2447.0804	High
NA12750	-2461.0686000000005	High
NA12751	-2460.7945000000004	High
NA12760	-2450.3438	High
NA12761	-2476.7553999999996	Intermediate
NA12762	-2465.5781	High
NA12763	-2457.4906	High
NA12775	-2439.8272000000006	High
NA12776	-2455.7059	High
NA12777	-2467.8638999999994	High
NA12778	-2460.0814000000005	High
NA12812	-2449.1216	High
NA12813	-2466.9058	High
NA12814	-2472.3334	Intermediate
NA12815	-2474.0418	Intermediate
NA12827	-2460.1509000000005	High
NA12828	-2453.7457000000004	High
NA12829	-2479.4410000000007	Intermediate
NA12830	-2466.7084000000004	High
NA12842	-2423.1142999999997	High
NA12843	-2480.3711	Intermediate
NA12872	-2463.3038	High
NA12873	-2462.9393	High
NA12874	-2474.9936	Intermediate
NA12878	-2471.4194999999995	High
NA12889	-2443.8581	High
NA12890	-2461.8678999999997	High
NA18486	-2529.1709000000005	Low
NA18488	-2530.299	Low
NA18489	-2525.362700000001	Low
NA18498	-2534.3026	Low
NA18499	-2531.005700000001	Low
NA18501	-2530.1490999999996	Low
NA18502	-2527.1333000000004	Low
NA18504	-2530.1126999999997	Low
NA18505	-2530.708800000001	Low
NA18507	-2533.030399999999	Low
NA18508	-2531.0782999999997	Low
NA18510	-2535.2198	Low
NA18511	-2526.5371999999993	Low
NA18516	-2532.5364	Low
NA18517	-2530.9174000000003	Low
NA18519	-2532.2102999999997	Low
NA18520	-2530.2201	Low
NA18522	-2540.7533000000003	Low
NA18523	-2517.919	Intermediate
NA18525	-2525.4891	Low
NA18526	-2511.0033999999996	Intermediate
NA18528	-2509.4557000000004	Intermediate
NA18530	-2519.743	Intermediate
NA18531	-2525.9561000000003	Low
NA18532	-2511.1008	Intermediate
NA18533	-2522.9331	Intermediate
NA18534	-2517.2574999999997	Intermediate
NA18535	-2517.6043000000004	Intermediate
NA18536	-2525.5338	Low
NA18537	-2523.3826	Intermediate
NA18538	-2509.4105999999997	Intermediate
NA18539	-2525.490799999999	Low
NA18541	-2512.2198000000003	Intermediate
NA18542	-2528.4007999999994	Low
NA18543	-2513.2287	Intermediate
NA18544	-2523.8716999999997	Intermediate
NA18545	-2513.3206000000005	Intermediate
NA18546	-2524.2609000000007	Intermediate
NA18547	-2532.6551	Low
NA18548	-2521.5518	Intermediate
NA18549	-2512.449999999999	Intermediate
NA18550	-2511.4281	Intermediate
NA18552	-2504.3934	Intermediate
NA18553	-2510.1426999999994	Intermediate
NA18555	-2520.0974	Intermediate
NA18557	-2516.1057	Intermediate
NA18558	-2529.5777	Low
NA18559	-2522.8042000000005	Intermediate
NA18560	-2521.7409000000002	Intermediate
NA18561	-2517.8493	Intermediate
NA18562	-2515.4429000000005	Intermediate
NA18563	-2520.3561	Intermediate
NA18564	-2513.4487000000004	Intermediate
NA18565	-2526.2306999999996	Low
NA18566	-2522.145200000001	Intermediate
NA18567	-2513.9642000000003	Intermediate
NA18570	-2519.2909	Intermediate
NA18571	-2530.9677000000006	Low
NA18572	-2511.2189	Intermediate
NA18573	-2510.6567	Intermediate
NA18574	-2514.559699999999	Intermediate
NA18577	-2515.8547000000003	Intermediate
NA18579	-2511.2892000000006	Intermediate
NA18582	-2525.3660000000004	Low
NA18591	-2528.6447	Low
NA18592	-2516.670400000001	Intermediate
NA18593	-2519.5064	Intermediate
NA18595	-2518.1037999999994	Intermediate
NA18596	-2510.7007999999996	Intermediate
NA18597	-2516.7921000000006	Intermediate
NA18599	-2503.4989	Intermediate
NA18602	-2511.3853999999997	Intermediate
NA18603	-2513.0942000000005	Intermediate
NA18605	-2520.7112	Intermediate
NA18606	-2526.9571	Low
NA18608	-2514.8733999999995	Intermediate
NA18609	-2525.8412	Low
NA18610	-2516.5124999999994	Intermediate
NA18611	-2513.3011999999994	Intermediate
NA18612	-2514.4831	Intermediate
NA18613	-2528.7439999999997	Low
NA18614	-2503.4829	Intermediate
NA18615	-2526.5596	Low
NA18616	-2528.8562	Low
NA18617	-2517.6123000000002	Intermediate
NA18618	-2514.971	Intermediate
NA18619	-2524.3696	Intermediate
NA18620	-2520.8863	Intermediate
NA18621	-2513.8172	Intermediate
NA18622	-2514.7758	Intermediate
NA18623	-2518.6315	Intermediate
NA18624	-2521.9918000000002	Intermediate
NA18625	-2523.2716	Intermediate
NA18626	-2509.0103999999997	Intermediate
NA18627	-2517.7829000000006	Intermediate
NA18628	-2519.134199999999	Intermediate
NA18629	-2520.2179999999994	Intermediate
NA18630	-2509.1587000000004	Intermediate
NA18631	-2517.8278999999998	Intermediate
NA18632	-2514.9633	Intermediate
NA18633	-2529.4376	Low
NA18634	-2508.5014	Intermediate
NA18635	-2531.9274000000005	Low
NA18636	-2517.1743999999994	Intermediate
NA18637	-2510.8825	Intermediate
NA18638	-2515.363	Intermediate
NA18639	-2509.7184000000007	Intermediate
NA18640	-2514.944	Intermediate
NA18641	-2516.2429	Intermediate
NA18642	-2525.1294000000003	Intermediate
NA18643	-2521.2946	Intermediate
NA18644	-2514.7554999999998	Intermediate
NA18645	-2519.6546000000003	Intermediate
NA18646	-2518.1781	Intermediate
NA18647	-2525.1964000000003	Low
NA18648	-2523.2833	Intermediate
NA18740	-2527.0463999999997	Low
NA18745	-2513.8222	Intermediate
NA18747	-2512.8869999999997	Intermediate
NA18748	-2524.2634999999996	Intermediate
NA18749	-2517.0851000000007	Intermediate
NA18757	-2520.9294	Intermediate
NA18853	-2525.9528999999998	Low
NA18856	-2532.9843	Low
NA18858	-2534.9356	Low
NA18861	-2522.4211999999998	Intermediate
NA18864	-2543.4987	Low
NA18865	-2529.2806	Low
NA18867	-2541.1065	Low
NA18868	-2533.5062000000007	Low
NA18870	-2531.5766	Low
NA18871	-2529.3602	Low
NA18873	-2530.3574000000003	Low
NA18874	-2535.6864999999993	Low
NA18876	-2522.8936999999996	Intermediate
NA18877	-2525.5998999999997	Low
NA18878	-2538.5332	Low
NA18879	-2527.2409000000002	Low
NA18881	-2528.0921	Low
NA18907	-2529.9914000000003	Low
NA18908	-2529.8387000000007	Low
NA18909	-2535.1191000000003	Low
NA18910	-2529.4522	Low
NA18912	-2526.6318000000006	Low
NA18915	-2533.673399999999	Low
NA18916	-2523.5020999999997	Intermediate
NA18917	-2537.8079000000007	Low
NA18923	-2530.1698999999994	Low
NA18924	-2536.3043	Low
NA18933	-2532.3593	Low
NA18934	-2520.1717	Intermediate
NA18939	-2510.4398000000006	Intermediate
NA18940	-2521.3217	Intermediate
NA18941	-2524.9948999999997	Intermediate
NA18942	-2514.9139	Intermediate
NA18943	-2508.7844999999998	Intermediate
NA18944	-2521.6079999999993	Intermediate
NA18945	-2516.0869000000002	Intermediate
NA18946	-2517.959499999999	Intermediate
NA18947	-2508.7739	Intermediate
NA18948	-2513.8414999999995	Intermediate
NA18949	-2508.9273000000007	Intermediate
NA18950	-2526.694700000001	Low
NA18951	-2521.327	Intermediate
NA18952	-2523.2401	Intermediate
NA18953	-2520.1469000000006	Intermediate
NA18954	-2514.0549000000005	Intermediate
NA18956	-2518.2227	Intermediate
NA18957	-2520.3056	Intermediate
NA18959	-2523.1354000000006	Intermediate
NA18960	-2516.6429000000003	Intermediate
NA18961	-2524.3196	Intermediate
NA18962	-2520.587400000001	Intermediate
NA18963	-2505.5316000000007	Intermediate
NA18964	-2514.6399	Intermediate
NA18965	-2518.2628999999993	Intermediate
NA18966	-2516.8177	Intermediate
NA18967	-2512.2700000000004	Intermediate
NA18968	-2528.2832	Low
NA18969	-2520.3747	Intermediate
NA18970	-2519.1979	Intermediate
NA18971	-2514.9143999999997	Intermediate
NA18972	-2519.2715	Intermediate
NA18973	-2520.458099999999	Intermediate
NA18974	-2513.8588	Intermediate
NA18975	-2516.3938999999996	Intermediate
NA18976	-2526.8766999999993	Low
NA18977	-2511.5879	Intermediate
NA18978	-2510.733000000001	Intermediate
NA18979	-2513.7488	Intermediate
NA18980	-2528.9350999999997	Low
NA18981	-2508.7594	Intermediate
NA18982	-2521.3651	Intermediate
NA18983	-2506.5694999999996	Intermediate
NA18984	-2508.8061	Intermediate
NA18985	-2511.422	Intermediate
NA18986	-2509.8319999999994	Intermediate
NA18987	-2519.8248000000003	Intermediate
NA18988	-2515.1671	Intermediate
NA18989	-2514.5789999999997	Intermediate
NA18990	-2513.6792	Intermediate
NA18991	-2521.5026999999995	Intermediate
NA18992	-2517.3898999999997	Intermediate
NA18993	-2530.8634	Low
NA18994	-2528.6125	Low
NA18995	-2522.7812000000004	Intermediate
NA18997	-2514.7638000000006	Intermediate
NA18998	-2508.0402	Intermediate
NA18999	-2527.2480000000005	Low
NA19000	-2515.1555999999996	Intermediate
NA19001	-2528.8859999999995	Low
NA19002	-2507.2924	Intermediate
NA19003	-2512.4067999999997	Intermediate
NA19004	-2514.5267000000003	Intermediate
NA19005	-2520.0193000000004	Intermediate
NA19006	-2511.0001	Intermediate
NA19007	-2523.5774	Intermediate
NA19009	-2516.4898	Intermediate
NA19010	-2522.9099	Intermediate
NA19011	-2518.2814999999996	Intermediate
NA19012	-2522.6172999999994	Intermediate
NA19017	-2520.2587	Intermediate
NA19019	-2523.675099999999	Intermediate
NA19020	-2524.4089999999997	Intermediate
NA19023	-2528.9738999999995	Low
NA19024	-2520.7900999999997	Intermediate
NA19025	-2525.6891	Low
NA19026	-2525.5941999999995	Low
NA19027	-2520.5155	Intermediate
NA19028	-2520.9419999999996	Intermediate
NA19030	-2526.9229	Low
NA19031	-2528.9729	Low
NA19035	-2519.3657999999996	Intermediate
NA19036	-2523.5364	Intermediate
NA19037	-2530.6584	Low
NA19038	-2525.2104000000004	Low
NA19041	-2524.6060999999995	Intermediate
NA19042	-2518.6762999999996	Intermediate
NA19043	-2528.8824	Low
NA19054	-2505.5854	Intermediate
NA19055	-2520.0364	Intermediate
NA19056	-2516.1406999999995	Intermediate
NA19057	-2518.1794000000004	Intermediate
NA19058	-2522.9444000000003	Intermediate
NA19059	-2517.8258000000005	Intermediate
NA19060	-2520.6822	Intermediate
NA19062	-2521.9251000000004	Intermediate
NA19063	-2516.8107999999997	Intermediate
NA19064	-2523.8378000000002	Intermediate
NA19065	-2518.4894999999997	Intermediate
NA19066	-2516.0579000000007	Intermediate
NA19067	-2502.4192000000003	Intermediate
NA19068	-2505.6184000000007	Intermediate
NA19070	-2528.4709999999995	Low
NA19072	-2507.1912	Intermediate
NA19074	-2525.908499999999	Low
NA19075	-2512.9089000000004	Intermediate
NA19076	-2514.3838999999994	Intermediate
NA19077	-2529.770400000001	Low
NA19078	-2515.7087	Intermediate
NA19079	-2519.0669	Intermediate
NA19080	-2509.551299999999	Intermediate
NA19081	-2522.019	Intermediate
NA19082	-2514.8573	Intermediate
NA19083	-2523.9864000000002	Intermediate
NA19084	-2519.1597999999994	Intermediate
NA19085	-2521.324	Intermediate
NA19086	-2516.0219	Intermediate
NA19087	-2511.6353999999997	Intermediate
NA19088	-2517.6509000000005	Intermediate
NA19089	-2510.2449000000006	Intermediate
NA19090	-2517.788399999999	Intermediate
NA19091	-2514.7956	Intermediate
NA19092	-2530.0683000000004	Low
NA19093	-2525.6944000000003	Low
NA19095	-2533.7574000000004	Low
NA19096	-2528.5004999999996	Low
NA19098	-2524.435099999999	Intermediate
NA19099	-2541.0356	Low
NA19102	-2533.5687000000007	Low
NA19107	-2535.4445999999994	Low
NA19108	-2530.3986000000004	Low
NA19113	-2539.6186999999995	Low
NA19114	-2531.4504	Low
NA19116	-2530.5045	Low
NA19117	-2530.8775	Low
NA19118	-2529.8311999999996	Low
NA19119	-2530.2663	Low
NA19121	-2536.425800000001	Low
NA19129	-2525.6382	Low
NA19130	-2530.797	Low
NA19131	-2534.9379999999996	Low
NA19137	-2533.1865	Low
NA19138	-2527.592199999999	Low
NA19141	-2535.3474	Low
NA19143	-2532.0333	Low
NA19144	-2531.5014	Low
NA19146	-2534.1803	Low
NA19147	-2539.3936999999996	Low
NA19149	-2533.9025	Low
NA19152	-2533.2864	Low
NA19153	-2525.1688000000004	Low
NA19159	-2522.1405000000004	Intermediate
NA19160	-2527.7486	Low
NA19171	-2530.0254000000004	Low
NA19172	-2532.714699999999	Low
NA19175	-2531.1729000000005	Low
NA19184	-2519.796	Intermediate
NA19185	-2529.9441	Low
NA19189	-2525.8260999999998	Low
NA19190	-2521.5528000000004	Intermediate
NA19197	-2514.5570999999995	Intermediate
NA19198	-2535.6405	Low
NA19200	-2534.3616	Low
NA19201	-2523.0579999999995	Intermediate
NA19204	-2534.3383	Low
NA19206	-2530.0961000000007	Low
NA19207	-2529.3053	Low
NA19209	-2533.6434	Low
NA19210	-2535.121	Low
NA19213	-2539.0524000000005	Low
NA19214	-2528.7859	Low
NA19222	-2524.6895999999997	Intermediate
NA19223	-2527.5000999999997	Low
NA19225	-2531.8649	Low
NA19235	-2522.450300000001	Intermediate
NA19236	-2531.6159999999995	Low
NA19238	-2528.5296000000003	Low
NA19239	-2531.5802000000003	Low
NA19247	-2533.9345	Low
NA19248	-2533.7889000000005	Low
NA19256	-2535.8071	Low
NA19257	-2533.7487	Low
NA19307	-2528.8284	Low
NA19308	-2521.6114999999995	Intermediate
NA19309	-2524.1835999999994	Intermediate
NA19310	-2523.6264000000006	Intermediate
NA19312	-2531.308400000001	Low
NA19314	-2527.1717	Low
NA19315	-2523.379400000001	Intermediate
NA19316	-2525.4914	Low
NA19317	-2525.3391	Low
NA19318	-2533.6468999999997	Low
NA19319	-2529.9168000000004	Low
NA19320	-2537.3477999999996	Low
NA19321	-2526.9130999999998	Low
NA19323	-2530.3611	Low
NA19324	-2526.3190999999997	Low
NA19327	-2522.9076	Intermediate
NA19328	-2524.9984000000004	Intermediate
NA19331	-2526.7693999999997	Low
NA19332	-2519.5559999999996	Intermediate
NA19334	-2524.8950999999997	Intermediate
NA19338	-2519.0029999999997	Intermediate
NA19346	-2535.0411000000004	Low
NA19347	-2527.8593999999994	Low
NA19350	-2522.8709000000003	Intermediate
NA19351	-2522.7571	Intermediate
NA19355	-2529.0242	Low
NA19360	-2534.2498000000005	Low
NA19372	-2522.8185	Intermediate
NA19374	-2529.3860000000004	Low
NA19375	-2523.42	Intermediate
NA19376	-2521.6249000000003	Intermediate
NA19377	-2529.6360000000004	Low
NA19378	-2533.4587	Low
NA19379	-2530.8682	Low
NA19380	-2522.9557000000004	Intermediate
NA19383	-2514.104	Intermediate
NA19384	-2526.9475999999995	Low
NA19385	-2520.2864	Intermediate
NA19390	-2525.2063000000003	Low
NA19391	-2525.1214000000004	Intermediate
NA19393	-2521.5072000000005	Intermediate
NA19394	-2537.0361000000003	Low
NA19395	-2521.5949	Intermediate
NA19397	-2523.1728000000003	Intermediate
NA19399	-2537.2749000000003	Low
NA19401	-2527.1279000000004	Low
NA19403	-2525.2290000000007	Low
NA19404	-2527.4761000000008	Low
NA19428	-2528.964200000001	Low
NA19429	-2529.8725999999997	Low
NA19430	-2526.6046999999994	Low
NA19431	-2534.530399999999	Low
NA19434	-2524.0665999999997	Intermediate
NA19435	-2525.4255999999996	Low
NA19436	-2522.9473	Intermediate
NA19437	-2524.2527999999998	Intermediate
NA19438	-2524.1598	Intermediate
NA19439	-2524.776999999999	Intermediate
NA19440	-2531.1761999999994	Low
NA19443	-2528.471	Low
NA19445	-2527.6497	Low
NA19446	-2518.0460000000003	Intermediate
NA19448	-2529.9402	Low
NA19449	-2525.0326000000005	Intermediate
NA19451	-2525.8363	Low
NA19452	-2528.4204999999993	Low
NA19454	-2523.965	Intermediate
NA19455	-2516.7798999999995	Intermediate
NA19456	-2527.1505	Low
NA19457	-2513.2678	Intermediate
NA19461	-2526.9893	Low
NA19462	-2528.6754999999994	Low
NA19463	-2521.2077000000004	Intermediate
NA19466	-2524.288599999999	Intermediate
NA19467	-2516.9098999999997	Intermediate
NA19468	-2522.7756999999997	Intermediate
NA19471	-2534.0651000000003	Low
NA19472	-2519.1926	Intermediate
NA19473	-2525.150200000001	Low
NA19474	-2524.5828999999994	Intermediate
NA19475	-2521.5502	Intermediate
NA19625	-2528.7776999999996	Low
NA19648	-2469.9319	High
NA19649	-2481.8773	Intermediate
NA19651	-2467.9748999999997	High
NA19652	-2485.4738	Intermediate
NA19654	-2481.5457999999994	Intermediate
NA19655	-2470.7184999999995	High
NA19657	-2488.4134000000004	Intermediate
NA19658	-2471.1239	High
NA19661	-2474.5725000000007	Intermediate
NA19663	-2495.2900999999997	Intermediate
NA19664	-2477.0855000000006	Intermediate
NA19669	-2464.593	High
NA19670	-2483.2594999999997	Intermediate
NA19676	-2484.2302999999997	Intermediate
NA19678	-2464.803199999999	High
NA19679	-2472.9533000000006	Intermediate
NA19681	-2471.890900000001	Intermediate
NA19682	-2487.7874999999995	Intermediate
NA19684	-2465.3895999999995	High
NA19700	-2520.9947	Intermediate
NA19701	-2523.1759999999995	Intermediate
NA19703	-2521.9084	Intermediate
NA19704	-2512.5228	Intermediate
NA19707	-2512.8622	Intermediate
NA19711	-2521.8368	Intermediate
NA19712	-2512.5536000000006	Intermediate
NA19713	-2517.0888	Intermediate
NA19716	-2499.2711	Intermediate
NA19717	-2488.3144	Intermediate
NA19719	-2479.9968000000003	Intermediate
NA19720	-2490.005	Intermediate
NA19722	-2491.6805	Intermediate
NA19723	-2474.1483999999996	Intermediate
NA19725	-2482.6621999999998	Intermediate
NA19726	-2475.2351000000003	Intermediate
NA19728	-2485.6169000000004	Intermediate
NA19729	-2495.4218999999994	Intermediate
NA19731	-2495.9724	Intermediate
NA19732	-2500.791	Intermediate
NA19734	-2474.6203	Intermediate
NA19735	-2501.844400000001	Intermediate
NA19740	-2484.9606000000003	Intermediate
NA19741	-2492.2868	Intermediate
NA19746	-2486.1548000000003	Intermediate
NA19747	-2478.5219000000006	Intermediate
NA19749	-2474.895299999999	Intermediate
NA19750	-2464.3529000000003	High
NA19752	-2495.2511	Intermediate
NA19755	-2467.2272	High
NA19756	-2489.8276999999994	Intermediate
NA19758	-2513.3800000000006	Intermediate
NA19759	-2491.9276999999997	Intermediate
NA19761	-2462.3891999999996	High
NA19762	-2487.7092999999995	Intermediate
NA19764	-2472.5036999999998	Intermediate
NA19770	-2487.6520000000005	Intermediate
NA19771	-2490.4882000000002	Intermediate
NA19773	-2474.9803	Intermediate
NA19774	-2481.5802000000003	Intermediate
NA19776	-2489.2905	Intermediate
NA19777	-2483.6554000000006	Intermediate
NA19779	-2468.0569	High
NA19780	-2477.8661	Intermediate
NA19782	-2483.6451000000006	Intermediate
NA19783	-2483.6862000000006	Intermediate
NA19785	-2495.9483999999998	Intermediate
NA19786	-2489.389	Intermediate
NA19788	-2484.6850000000013	Intermediate
NA19789	-2482.0406000000003	Intermediate
NA19792	-2467.6003	High
NA19794	-2468.0836999999997	High
NA19795	-2480.3263	Intermediate
NA19818	-2496.8795000000005	Intermediate
NA19819	-2508.9369	Intermediate
NA19834	-2514.9018999999994	Intermediate
NA19835	-2519.171700000001	Intermediate
NA19900	-2523.782	Intermediate
NA19901	-2525.1449	Low
NA19904	-2516.0816000000004	Intermediate
NA19908	-2522.119199999999	Intermediate
NA19909	-2528.2913000000003	Low
NA19913	-2522.0350000000008	Intermediate
NA19914	-2514.9490999999994	Intermediate
NA19916	-2517.4083000000005	Intermediate
NA19917	-2519.778	Intermediate
NA19920	-2522.5712	Intermediate
NA19921	-2524.5857	Intermediate
NA19922	-2509.5509000000006	Intermediate
NA19923	-2495.4132	Intermediate
NA19982	-2530.5646999999994	Low
NA19984	-2521.6089	Intermediate
NA20126	-2501.4110999999994	Intermediate
NA20127	-2521.3719000000006	Intermediate
NA20274	-2509.8233	Intermediate
NA20276	-2523.9644000000003	Intermediate
NA20278	-2522.5053	Intermediate
NA20281	-2512.8642999999993	Intermediate
NA20282	-2511.8885999999998	Intermediate
NA20287	-2520.6378999999997	Intermediate
NA20289	-2512.2480000000005	Intermediate
NA20291	-2536.2159999999994	Low
NA20294	-2513.609	Intermediate
NA20296	-2520.5231999999996	Intermediate
NA20298	-2525.9755	Low
NA20299	-2501.0108999999998	Intermediate
NA20314	-2498.5557999999996	Intermediate
NA20317	-2495.3527	Intermediate
NA20318	-2503.9931	Intermediate
NA20320	-2533.724	Low
NA20321	-2520.7161000000006	Intermediate
NA20332	-2518.0382	Intermediate
NA20334	-2493.6334999999995	Intermediate
NA20339	-2525.4390000000003	Low
NA20340	-2528.9903	Low
NA20342	-2506.0743	Intermediate
NA20346	-2524.0142000000005	Intermediate
NA20348	-2510.3968000000004	Intermediate
NA20351	-2502.4982	Intermediate
NA20355	-2510.1375999999996	Intermediate
NA20356	-2529.4563	Low
NA20357	-2517.5685999999996	Intermediate
NA20359	-2510.4925000000003	Intermediate
NA20362	-2531.5800000000004	Low
NA20412	-2513.8254000000006	Intermediate
NA20502	-2465.2664	High
NA20503	-2472.8188000000005	Intermediate
NA20504	-2441.192	High
NA20505	-2473.0875	Intermediate
NA20506	-2469.3127999999997	High
NA20507	-2448.793	High
NA20508	-2482.9623000000006	Intermediate
NA20509	-2455.9482000000007	High
NA20510	-2468.5713000000005	High
NA20511	-2468.4570000000003	High
NA20512	-2468.3003000000003	High
NA20513	-2449.9880000000003	High
NA20514	-2470.9608	High
NA20515	-2479.3374	Intermediate
NA20516	-2434.3615999999993	High
NA20517	-2477.449	Intermediate
NA20518	-2467.3866000000003	High
NA20519	-2455.7066999999997	High
NA20520	-2448.9571000000005	High
NA20521	-2460.6903999999995	High
NA20522	-2455.7442	High
NA20524	-2478.8923	Intermediate
NA20525	-2477.7599000000005	Intermediate
NA20527	-2460.9312999999997	High
NA20528	-2467.3324999999995	High
NA20529	-2495.1390000000006	Intermediate
NA20530	-2459.1213000000007	High
NA20531	-2445.0148	High
NA20532	-2456.7828999999997	High
NA20533	-2467.9127	High
NA20534	-2479.051	Intermediate
NA20535	-2461.7123	High
NA20536	-2451.0798999999997	High
NA20538	-2464.6762	High
NA20539	-2464.2005999999997	High
NA20540	-2479.8946	Intermediate
NA20541	-2451.0572999999995	High
NA20542	-2446.2547999999997	High
NA20543	-2445.1827999999996	High
NA20544	-2467.3325	High
NA20581	-2465.3899000000006	High
NA20582	-2481.2824	Intermediate
NA20585	-2464.2388	High
NA20586	-2444.6165	High
NA20587	-2481.8364	Intermediate
NA20588	-2449.104500000001	High
NA20589	-2447.331	High
NA20752	-2462.8396000000002	High
NA20753	-2469.5434999999993	High
NA20754	-2437.4303999999993	High
NA20755	-2444.3006	High
NA20756	-2438.3323000000005	High
NA20757	-2451.1189	High
NA20758	-2450.5381	High
NA20759	-2452.7856000000006	High
NA20760	-2457.1503	High
NA20761	-2445.3585000000003	High
NA20762	-2477.6980999999996	Intermediate
NA20763	-2466.6713	High
NA20764	-2453.8223000000007	High
NA20765	-2463.4258	High
NA20766	-2455.8871	High
NA20767	-2464.6334	High
NA20768	-2471.9505000000004	Intermediate
NA20769	-2480.8843	Intermediate
NA20770	-2466.9623	High
NA20771	-2461.819499999999	High
NA20772	-2472.8145999999997	Intermediate
NA20773	-2455.397299999999	High
NA20774	-2458.912	High
NA20775	-2471.0604	High
NA20778	-2468.5337000000004	High
NA20783	-2469.0428	High
NA20785	-2470.0497	High
NA20786	-2456.5546	High
NA20787	-2460.8145	High
NA20790	-2483.2816	Intermediate
NA20792	-2463.9680000000008	High
NA20795	-2456.8765999999996	High
NA20796	-2499.6144	Intermediate
NA20797	-2469.640799999999	High
NA20798	-2455.859900000001	High
NA20799	-2477.4198999999994	Intermediate
NA20800	-2473.4320000000002	Intermediate
NA20801	-2492.6760000000004	Intermediate
NA20802	-2456.2432999999996	High
NA20803	-2471.5798	High
NA20804	-2452.4369	High
NA20805	-2456.729	High
NA20806	-2488.7086	Intermediate
NA20807	-2474.882699999999	Intermediate
NA20808	-2472.3601999999996	Intermediate
NA20809	-2458.0930999999996	High
NA20810	-2475.0298000000007	Intermediate
NA20811	-2469.6612999999993	High
NA20812	-2466.3303000000005	High
NA20813	-2467.1144000000004	High
NA20814	-2443.8252000000007	High
NA20815	-2476.446	Intermediate
NA20818	-2457.995299999999	High
NA20819	-2488.1062000000006	Intermediate
NA20821	-2448.0683999999997	High
NA20822	-2481.9079	Intermediate
NA20826	-2435.5140999999994	High
NA20827	-2475.0964000000004	Intermediate
NA20828	-2467.9916000000003	High
NA20832	-2468.2481999999995	High
NA20845	-2486.4793	Intermediate
NA20846	-2507.0325999999995	Intermediate
NA20847	-2486.0870000000004	Intermediate
NA20849	-2505.2062	Intermediate
NA20850	-2490.6478	Intermediate
NA20851	-2504.9917	Intermediate
NA20852	-2506.4453999999996	Intermediate
NA20853	-2485.6650000000004	Intermediate
NA20854	-2517.4528	Intermediate
NA20856	-2487.6467	Intermediate
NA20858	-2487.3416	Intermediate
NA20859	-2500.3743	Intermediate
NA20861	-2496.1791	Intermediate
NA20862	-2509.157	Intermediate
NA20863	-2518.0913999999993	Intermediate
NA20864	-2485.129	Intermediate
NA20866	-2498.3061	Intermediate
NA20867	-2515.6101	Intermediate
NA20868	-2511.6767999999997	Intermediate
NA20869	-2498.8694000000005	Intermediate
NA20870	-2488.4536999999996	Intermediate
NA20872	-2499.9364	Intermediate
NA20874	-2499.3828999999996	Intermediate
NA20875	-2487.5131000000006	Intermediate
NA20876	-2503.1649999999995	Intermediate
NA20877	-2503.9749	Intermediate
NA20878	-2516.739899999999	Intermediate
NA20881	-2482.1183999999994	Intermediate
NA20882	-2495.135	Intermediate
NA20884	-2501.0582000000004	Intermediate
NA20885	-2490.9577999999997	Intermediate
NA20886	-2481.840200000001	Intermediate
NA20887	-2493.6476000000002	Intermediate
NA20888	-2483.7793999999994	Intermediate
NA20889	-2486.4493	Intermediate
NA20890	-2490.9862	Intermediate
NA20891	-2480.612	Intermediate
NA20892	-2517.8091999999992	Intermediate
NA20894	-2491.8542	Intermediate
NA20895	-2491.9472	Intermediate
NA20896	-2501.5324999999993	Intermediate
NA20897	-2487.9785999999995	Intermediate
NA20899	-2497.7691999999997	Intermediate
NA20900	-2487.8621000000007	Intermediate
NA20901	-2486.1933999999997	Intermediate
NA20902	-2498.9528	Intermediate
NA20903	-2492.1625000000004	Intermediate
NA20904	-2489.7233000000006	Intermediate
NA20905	-2501.6859999999997	Intermediate
NA20906	-2501.6016999999997	Intermediate
NA20908	-2512.4188000000004	Intermediate
NA20910	-2494.2783000000004	Intermediate
NA20911	-2507.0333000000005	Intermediate
NA21086	-2501.3388999999997	Intermediate
NA21087	-2503.5693	Intermediate
NA21088	-2493.3484999999996	Intermediate
NA21089	-2502.1650999999997	Intermediate
NA21090	-2505.9148	Intermediate
NA21091	-2502.7685999999994	Intermediate
NA21092	-2492.7862	Intermediate
NA21093	-2511.4941999999996	Intermediate
NA21094	-2501.2933000000003	Intermediate
NA21095	-2504.4044	Intermediate
NA21097	-2502.5401	Intermediate
NA21098	-2503.3496999999998	Intermediate
NA21099	-2503.0178000000005	Intermediate
NA21100	-2503.957199999999	Intermediate
NA21101	-2499.1242000000007	Intermediate
NA21102	-2503.8506	Intermediate
NA21103	-2502.6024999999995	Intermediate
NA21104	-2492.5838	Intermediate
NA21105	-2486.3842	Intermediate
NA21106	-2508.0426999999995	Intermediate
NA21107	-2501.0114	Intermediate
NA21108	-2483.2277	Intermediate
NA21109	-2495.9591	Intermediate
NA21110	-2515.0398000000005	Intermediate
NA21111	-2507.9189	Intermediate
NA21112	-2506.5935	Intermediate
NA21113	-2492.9344000000006	Intermediate
NA21114	-2490.733199999999	Intermediate
NA21115	-2492.2465	Intermediate
NA21116	-2521.6521999999995	Intermediate
NA21117	-2493.5843	Intermediate
NA21118	-2495.6651	Intermediate
NA21119	-2500.7329	Intermediate
NA21120	-2494.7025000000003	Intermediate
NA21122	-2501.4427	Intermediate
NA21123	-2494.5708	Intermediate
NA21124	-2502.8798999999995	Intermediate
NA21125	-2508.8847000000005	Intermediate
NA21126	-2500.7869999999994	Intermediate
NA21127	-2488.9251999999997	Intermediate
NA21128	-2475.5317	Intermediate
NA21129	-2497.3778000000007	Intermediate
NA21130	-2494.2625000000007	Intermediate
NA21133	-2514.1206999999995	Intermediate
NA21135	-2491.7546	Intermediate
NA21137	-2504.9918	Intermediate
NA21141	-2486.651799999999	Intermediate
NA21142	-2494.4781000000003	Intermediate
NA21143	-2501.2855000000004	Intermediate
NA21144	-2494.4542000000006	Intermediate
